categoria,citta,nome,indirizzo,telefono,email,sito,descrizione,note
Ristoranti/Pizzerie,Como,McDonald's,"Via Asiago 2, Como",,,,,
Ristoranti/Pizzerie,Como,Momigi,"Via Giovanni Andrea Perlasca 5, Como",,,,,
Ristoranti/Pizzerie,Como,Tokyo,"Viale Lecco 113, Como",+39 031 307551,,https://www.tokyo-como.it,"a como, ristorante giapponese in una atmosfera elegante ed accogliente, a due passi dal centro storico.",
Ristoranti/Pizzerie,Como,Crotto del Lupo,Como,,,,,
Ristoranti/Pizzerie,Como,Cafè Maya,Como,,,,,
Ristoranti/Pizzerie,Como,Bar Caffè Mondo,Como,,,,,
Ristoranti/Pizzerie,Como,Da Filippo,Como,,,,,
Ristoranti/Pizzerie,Como,Caffetteria Olybar,"Via Zezio , Como",+39 031 306861,,,,
Ristoranti/Pizzerie,Como,Re. Mi. Garden Bar,Como,,,,,
Ristoranti/Pizzerie,Como,Caffè Maya,Como,,,,,
Ristoranti/Pizzerie,Como,Capriccio,"Viale Lecco 39, Como",,,,,
Ristoranti/Pizzerie,Como,Ton-Thai,Como,,,,,
Ristoranti/Pizzerie,Como,La Gitana,"Via Milano 117, Como",,,,,
Ristoranti/Pizzerie,Como,Castello d'Oro,Como,,,,,
Ristoranti/Pizzerie,Como,Santa Chiara,"Via Milano 171, Como",,,,,
Ristoranti/Pizzerie,Como,Don Lisander,"Lungo Lario Trento 19, Como",+39 031 261417,info@donlisander.it,https://www.donlisander.it/,,
Ristoranti/Pizzerie,Como,13:13,Como,,,,,
Ristoranti/Pizzerie,Como,La Nuova Vignascia,Como,,,,,
Ristoranti/Pizzerie,Como,Bar di Prestino,Como,,,,,
Ristoranti/Pizzerie,Como,Pub Il Ritrovo,Como,,,,,
Ristoranti/Pizzerie,Como,La Griglia,Como,,,,,
Ristoranti/Pizzerie,Como,Cittadella,"Via Francesco Anzani 37, Como",,,,,
Ristoranti/Pizzerie,Como,Cafè Thai,"Via Valleggio 16, Como",,,https://cafethai.it,,
Ristoranti/Pizzerie,Como,Baby café,Como,,,,,
Ristoranti/Pizzerie,Como,Il Dadino,Como,,,,,
Ristoranti/Pizzerie,Como,Don Segundo Sombra,Como,,,,,
Ristoranti/Pizzerie,Como,Cactus Juice Cafe - Como,"Via Mentana , Como",,,,,
Ristoranti/Pizzerie,Como,Brigitte Café,"Via Francesco Viganò 4e, Como",,,,,
Ristoranti/Pizzerie,Como,Civico XV,"Via Salvo D'Acquisto 15, Como",,,,,
Ristoranti/Pizzerie,Como,Crotto del Tiglio,"Via Bignanico , Como",+39 031 571671,info@crottodeltiglio.it,http://www.crottodeltiglio.it,,
Ristoranti/Pizzerie,Como,L'Ultimo Café,Como,,,,,
Ristoranti/Pizzerie,Como,Cioccolati Italiani,Como,,,,,
Ristoranti/Pizzerie,Como,Mad Café,Como,,,,,
Ristoranti/Pizzerie,Como,Arte Dolce - Cremeria Bolla,"Via Cesare Cantù 36, Como",,,http://www.cremeriabolla.it,,
Ristoranti/Pizzerie,Como,Burgez,"Via Cesare Cantù 48, Como",,,Burgez.com,burgez - dal 2015 il primo smash burger d&#039;italia,
Ristoranti/Pizzerie,Como,Pinzimonio,"Via Bonanomi 24, Como",+39 031 268 667,,https://www.il-pinzimonio.com/,,
Ristoranti/Pizzerie,Como,Nostrale,"Via Pasquale Paoli 72, Como",+39 031 526659,,,,
Ristoranti/Pizzerie,Como,Hotel Ristorante Falchetto,Como,+39 031 3365033,prenotazioniandreservation@falchetto.eu,http://www.falchetto.eu,,
Ristoranti/Pizzerie,Como,Panino Buono,Como,,,https://www.paninobuono.it/,,
Ristoranti/Pizzerie,Como,Sakura Sushi,Como,+39 031 240221,,,,
Ristoranti/Pizzerie,Como,Caffè Varese,Como,,,,,
Ristoranti/Pizzerie,Como,Bilen,"Via Milano 207, Como",,,,,
Ristoranti/Pizzerie,Como,Arnold' s,Como,,,,,
Ristoranti/Pizzerie,Como,Sunrise,Como,,,,,
Ristoranti/Pizzerie,Como,Ristorante Raimondi,Como,,,http://www.hotelvillaflori.it/ristorante,,
Ristoranti/Pizzerie,Como,La Pizzaccia,Como,+39 031 269167,,,,
Ristoranti/Pizzerie,Como,Caffé Maya,Como,,,,,
Ristoranti/Pizzerie,Como,La Pesa Trattoria Bar,Como,,,,,
Ristoranti/Pizzerie,Como,Just Art Café,Como,,,,,
Ristoranti/Pizzerie,Como,Kazan Sushi,Como,,,,,
Ristoranti/Pizzerie,Como,Orologio,"Via Ugo Foscolo 11, Como",+39 031 304565,pizzeriaristoranteorologio@gmail.com,,,
Ristoranti/Pizzerie,Como,Jean Caffé,Como,,,,,
Ristoranti/Pizzerie,Como,Ristoran e pizzrris griglieria lerill,Como,,,,,
Ristoranti/Pizzerie,Como,La Darsena Ristorante Pizzeria,Como,,,,,
Ristoranti/Pizzerie,Como,Panino Buono Vista Lago,"Via Dionigi da Parravicino 1, Como",+39031302991,info@paninobuono.it,http://www.paninobuonovistalago.it/,,
Ristoranti/Pizzerie,Como,L'antica Riva,Como,,,,,
Ristoranti/Pizzerie,Como,Fontana D'oro,Como,,,,,
Ristoranti/Pizzerie,Como,Caffé Alessandro Volta,"Piazza Alessandro Volta , Como",,,,,
Ristoranti/Pizzerie,Como,Il Cappuccino Bar Tabacchi,Como,,,,,
Ristoranti/Pizzerie,Como,da Pietro Cafeteria Gelateria,Como,,,,,
Ristoranti/Pizzerie,Como,Funicolare Ristorante Pizzeria,"Lungo Lario Trieste 62, Como",+39 031 303470,,https://www.ristorantefunicolare.it,,
Ristoranti/Pizzerie,Como,Ristorante Pizzeria Alle Caverne,Como,,,,,
Ristoranti/Pizzerie,Como,L'asso di cuori,Como,,,,,
Ristoranti/Pizzerie,Como,Trattoria Pizzeria Ristorante In Borgovico,"Via Borgo Vico 79, Como",+39 031 573603,ristoranteinborgovico@email.it,https://www.trattoriapizzeriainborgovico.eu,,
Ristoranti/Pizzerie,Como,Locanda Barbarossa,"Via Odescalchi 10/12, Como",+39 031 2753421,info@locandabarbarossa.it,https://locandabarbarossa.it/,,
Ristoranti/Pizzerie,Como,Mystic Burger,"Via Armando Diaz 78/80, Como",+39 031 263171,,http://www.mysticburger.com/,,
Ristoranti/Pizzerie,Como,Atlas,Como,,,,,
Ristoranti/Pizzerie,Como,Caffè Ristorante Fontana,Como,,,,,
Ristoranti/Pizzerie,Como,Hayashi Sushi Bar,"Via Bellinzona , Como",,,,,
Ristoranti/Pizzerie,Como,Baita Monte Goj,Como,+39 349 104 6482,baitamontegoj@gmail.com,http://www.baitamontegoj.it,,
Ristoranti/Pizzerie,Como,Baita Pianvalle,Como,,,,,
Ristoranti/Pizzerie,Como,Le Colonne,"Piazza Giuseppe Mazzini 12, Como",,,,,
Ristoranti/Pizzerie,Como,La vita è bella,"Piazza Domenico Croggi 4, Como",+39 031 302667,,https://digilander.libero.it/felice/Lavitaebella.htm,"entra su libero.it: mail e email pec, login, le ultime notizie con aggiornamento quotidiano, video, motore di ricerca e tanto altro",
Ristoranti/Pizzerie,Como,Bar Pasticceria Monti,"Piazza Cavour 21, Como",+39 031 301165,,,,
Ristoranti/Pizzerie,Como,Ristorante pizzeria al LungoLago,"Lungo Lario Trieste 24, Como",+39 031 3371537,info@al-lungolago.it,https://www.al-lungolago.it/,,
Ristoranti/Pizzerie,Como,Monti Gelateria,"Lungo Lario Trieste , Como",,,,,
Ristoranti/Pizzerie,Como,Bar Dante,Como,,,,,
Ristoranti/Pizzerie,Como,Bar La Ligera,"Viale Massenzio Masia 63, Como",,,,,
Ristoranti/Pizzerie,Como,Bar Calipso,Como,,,,,
Ristoranti/Pizzerie,Como,Mama Ida,"Via Morazzone , Como",,,,,
Ristoranti/Pizzerie,Como,Ristorante Cinese Pechino,"Viale Giulio Cesare 5, Como",,,http://www.pechinosas.com/,,
Ristoranti/Pizzerie,Como,Il Cortiletto,"Via Bonanomi 21, Como",,,,,
Ristoranti/Pizzerie,Como,Il Solito Posto,"Via Lambertenghi 9, Como",+39 031 271352,ristoilsolitoposto@virgilio.it,http://www.ilsolitoposto.net/,,
Ristoranti/Pizzerie,Como,McCafé,"Via Caio Plinio Secondo 2, Como",,,,,
Ristoranti/Pizzerie,Como,Pan Pero Rosso,Como,,,,,
Ristoranti/Pizzerie,Como,Il Baretto,"Viale Fratelli Rosselli 26a, Como",,,,,
Ristoranti/Pizzerie,Como,Cafeteria,"Viale Fratelli Rosselli 5, Como",,,,,
Ristoranti/Pizzerie,Como,125,"Via Borgo Vico 125, Como",+39 031 572819,125lakecomo@gmail.com,https://www.125lakecomo.it,"a meeting place for locals and everyone else. bistrot and cocktail bar with small plates to share, woodoven pizza and great wine selection.",
Ristoranti/Pizzerie,Como,Al Baci Lounge,"Via Alessandro Manzoni 13, Como",,,,,
Ristoranti/Pizzerie,Como,Gelateria,"Via Alessandro Manzoni 10e, Como",,,,,
Ristoranti/Pizzerie,Como,Bar Duomo,"Piazza del Popolo 2, Como",,,,,
Ristoranti/Pizzerie,Como,Bar Diaz,Como,,,,,
Ristoranti/Pizzerie,Como,Caffè Mazzini,"Piazza Giuseppe Mazzini 13, Como",+39 031 271074,info@caffemazzini.it,http://www.caffemazzini.it/,,
Ristoranti/Pizzerie,Gallarate,Pasticceria Bianchi Le Torri,"Via Marsala 36b, Gallarate",+39 0331 775289,info@letorripasticceriabianchi.it,https://www.letorripasticceriabianchi.it/,,
Ristoranti/Pizzerie,Gallarate,K2,"Via Palestro 18, Gallarate",,,,,
Ristoranti/Pizzerie,Gallarate,Warpipe,"Via Carlo Cattaneo 36, Gallarate",,,,,
Ristoranti/Pizzerie,Gallarate,Il Ragazzo di Campagna,"Corso Sempione 8, Gallarate",+39 0331 796237,info@ilragazzodicampagna.it,https://www.ilragazzodicampagna.it/,,
Ristoranti/Pizzerie,Gallarate,Albatros,"Via Giuseppe Mazzini 2, Gallarate",+39 0331 792125,,http://www.ristorante-albatros.it/index.php?lang=it,,
Ristoranti/Pizzerie,Gallarate,Bellaria,"Via Monte Leone 40, Gallarate",+39 0331 791303,,,,
Ristoranti/Pizzerie,Gallarate,WEN,"Viale Carlo Noè 42, Gallarate",,,,,
Ristoranti/Pizzerie,Gallarate,Veranda Café,"Piazza Giuseppe Garibaldi 9, Gallarate",,,,,
Ristoranti/Pizzerie,Gallarate,Route 66,"Via Varese 49, Gallarate",,,,,
Ristoranti/Pizzerie,Gallarate,Bar Da Jireh,"Piazza Papa Giovanni Ventitreesimo 8, Gallarate",,,,,
Ristoranti/Pizzerie,Gallarate,The Donegal Pub,Gallarate,+39 0331 785877,donegalpub@merloti.191.it,https://www.thedonegalpub.com/,"siamo un irish pub in lombardia, a gallarate. da noi trovi ottime birre, irlandesi e non solo, da gustare in un piacevole ambiente vintage",
Ristoranti/Pizzerie,Gallarate,Bar Enoteca De Salve,"Piazza Risorgimento 5, Gallarate",,,,,
Ristoranti/Pizzerie,Gallarate,Virmau,"Via Cesare Beccaria 14, Gallarate",+39 0331 1497079,virmaulatino@gmail.com,https://erreristorante.it/virmau,,
Ristoranti/Pizzerie,Gallarate,Juice Bar,Gallarate,+39 0331 248816,juicebargallarate@gmail.com,,,
Ristoranti/Pizzerie,Gallarate,Re Ferdinando,"Corso Sempione 5, Gallarate",+39 0331 774490,,http://www.pizzeriagallarate.it/,,
Ristoranti/Pizzerie,Gallarate,Bar Ferrari,"Via Venti Settembre 19, Gallarate",,,,,
Ristoranti/Pizzerie,Gallarate,Bar Pizzeria Nello,"Via Postporta 6, Gallarate",+39 0331 799749,,https://www.barpizzerianello.it/,,
Ristoranti/Pizzerie,Gallarate,Colombo,"Via Giuseppe Castelli 2, Gallarate",+39 0331 917897,,,,
Ristoranti/Pizzerie,Gallarate,Botega Caffè Cacao,"Piazza Libertà 16, Gallarate",+39 033 179 3110,,https://www.caffebotegacacao.it/,scopri la pasticceria e la caffetteria italiana di botega caffe cacao: ingredienti di qualità e una miscela di caffè unica. vieni a trovarci.,
Ristoranti/Pizzerie,Gallarate,Bar Sempione,"Corso Sempione 5, Gallarate",,,,,
Ristoranti/Pizzerie,Gallarate,Caramomo,"Via Giuseppe Verdi 3, Gallarate",,,,,
Ristoranti/Pizzerie,Gallarate,Il Barbaresco,"Via Giuseppe Verdi 6, Gallarate",+39 0331 790016,gallarate@barbarescoenopub.it,http://www.barbarescoenopub.it,,
Ristoranti/Pizzerie,Gallarate,Victor,Gallarate,,,,,
Ristoranti/Pizzerie,Gallarate,La Maison d'Andre,"Via Adige 1, Gallarate",+39 0331 248837,info@osteria1903.it,,,
Ristoranti/Pizzerie,Gallarate,Roadhouse,"Viale Milano , Gallarate",+39 0331 793793,,,,
Ristoranti/Pizzerie,Gallarate,La Corte del Re,"Via Alessandro Manzoni 1, Gallarate",+39 0331 770026,info@ristorantelacortedelre.it,http://www.ristorantelacortedelre.it/,,
Ristoranti/Pizzerie,Gallarate,Fuoricentro,"Piazza Francesco Buffoni 3, Gallarate",,,,,
Ristoranti/Pizzerie,Gallarate,New Planet,"Piazza Risorgimento 14, Gallarate",,,,,
Ristoranti/Pizzerie,Gallarate,Manhattan,"Piazza Risorgimento 14, Gallarate",,,,,
Ristoranti/Pizzerie,Gallarate,Yamakawa,"Corso Cristoforo Colombo 7, Gallarate",+39 0331 779339,,https://www.yamakawa.it/gallarate/index.html,,
Ristoranti/Pizzerie,Gallarate,Bianchi,"Via Sant'Antonio 1, Gallarate",+39 033 179 3338,info@pasticceriabianchi1934.it,https://pasticceriabianchi1934.it/,la pasticceria bianchi 1934 situata nel centro storico è conosciuta come la più antica pasticceria di gallarate. da oltre 80 anni potete apprezzare le nostre torte artigianali e i famosi amaretti di gallarate secondo la ricetta tradizionale.,
Ristoranti/Pizzerie,Gallarate,Chatwin,Gallarate,,,,,
Ristoranti/Pizzerie,Gallarate,FAB - Burger Bar,"Via Giordano Bruno 2, Gallarate",,,,,
Ristoranti/Pizzerie,Gallarate,Bar In Centro,Gallarate,,,,,
Ristoranti/Pizzerie,Gallarate,Burger King,"Viale Milano 165, Gallarate",,,,,
Ristoranti/Pizzerie,Gallarate,Spizzico,"Viale Milano 165, Gallarate",,,,,
Ristoranti/Pizzerie,Gallarate,The Wok,"Via Tognasca 7, Gallarate",+39 0331 1352931,zhengbo888@live.com,http://www.ristorantethewok.com/,,
Ristoranti/Pizzerie,Gallarate,L'Incontro,"Viale Milano 141, Gallarate",,,,,
Ristoranti/Pizzerie,Gallarate,Caffè Ambrosoli,"Via Padre Angelo Ambrosoli 7, Gallarate",,,,,
Ristoranti/Pizzerie,Gallarate,Ristorante Postporta,"Via Postporta 11, Gallarate",+39 0331 773201,bea1707@libero.it,http://www.ristorantepostporta.com/,,
Ristoranti/Pizzerie,Gallarate,Havana Cafè,"Piazza Risorgimento 7, Gallarate",,,,,
Ristoranti/Pizzerie,Gallarate,NFC Fast Food,"Piazza Papa Giovanni Ventitreesimo 8, Gallarate",,,,,
Ristoranti/Pizzerie,Gallarate,Mr. Kebap stazione,"Piazza Papa Giovanni Ventitreesimo 9, Gallarate",+39 388 420 3023,,,,
Ristoranti/Pizzerie,Gallarate,QUID Lounge,"Via Camillo Benso Conte di Cavour 17, Gallarate",+39 340 129 7732,,,,
Ristoranti/Pizzerie,Gallarate,Bellini Cafe,"Via Luigi Borghi 2, Gallarate",,,,,
Ristoranti/Pizzerie,Gallarate,Recy Bar,"Via Bernardino Ferni 5, Gallarate",+39 377 881 6124,,,,
Ristoranti/Pizzerie,Gallarate,Gigi Bar,"Via Raffaello Sanzio 2, Gallarate",,,,,
Ristoranti/Pizzerie,Gallarate,Muffy's,"Via Felice Bassetti 2, Gallarate",,,,,
Ristoranti/Pizzerie,Gallarate,Döner Republic,"Piazza Risorgimento 2, Gallarate",,,,,
Ristoranti/Pizzerie,Gallarate,Také,"Via Alessandro Manzoni 8, Gallarate",+39 0331 073740,info@takesushi.eu,https://www.takegallarate.it/,il rigore giapponese incontra la qualità italiana. scopri i nostri gustosissimi piatti in un ristorante raffinato nel cuore di gallarate.,
Ristoranti/Pizzerie,Gallarate,Hiro,"Via Monte San Martino 60/62, Gallarate",,,,,
Ristoranti/Pizzerie,Gallarate,Bar San Marco,Gallarate,,,,,
Ristoranti/Pizzerie,Gallarate,Lomitos,"Via Alessandro Manzoni 1, Gallarate",,,https://www.lomitosgallarate.it/,,
Ristoranti/Pizzerie,Gallarate,Bocconi DiVino,"Via Don Giovanni Minzoni 1, Gallarate",+39 033 178 0126,,https://boccondivinogallarate.it/,,
Ristoranti/Pizzerie,Gallarate,Fabbrica Pizza,"Largo Guido Camussi 6, Gallarate",+39 033 179 5788,,https://www.fabbricapizza.com/,"promuoviamo un’alimentazione sana, leggera e dal gusto ricco, puntando sul prodotto italiano più diffuso al mondo: la pizza",
Ristoranti/Pizzerie,Gallarate,Da Benjamin,"Via San Giovanni Bosco 4A, Gallarate",,,,,
Ristoranti/Pizzerie,Gallarate,Bar Bistrot Riviera Cafe',"Via Giuseppe Mazzini 22, Gallarate",+39 0331 186 0121,,,,
Ristoranti/Pizzerie,Gallarate,La Taverna del Bucaniere,"Piazza Libertà 1, Gallarate",,,,,
Ristoranti/Pizzerie,Gallarate,Life Bakery,"Largo Guido Camussi 5, Gallarate",,,,,
Ristoranti/Pizzerie,Gallarate,Bobble Bobble,"Via Don Giovanni Minzoni 6, Gallarate",,,,,
Ristoranti/Pizzerie,Gallarate,MIC Ramen,"Via dei Mercanti 2, Gallarate",,,https://www.micramenitalia.it/,prenota,
Ristoranti/Pizzerie,Gallarate,Ci voleva,"Via Don Giovanni Minzoni 6, Gallarate",,,,,
Ristoranti/Pizzerie,Gallarate,La Cafferia,Gallarate,,,,,
Ristoranti/Pizzerie,Gallarate,China Long,"Via Eugenio Cantoni 4, Gallarate",+39 0331 186 0427,,,,
Ristoranti/Pizzerie,Gallarate,La Siciliana di Ficarra,"Via Eugenio Cantoni 1, Gallarate",+39 033 193 4420,,,,
Ristoranti/Pizzerie,Gallarate,Bar Tabaccheria Lualdi Umberto,"Via Don Giovanni Minzoni 14, Gallarate",,,,,
Ristoranti/Pizzerie,Gallarate,Chocolat Bar,"Via Giovanni Battista Trombini 16, Gallarate",,,https://chocolatgallarate.com/,,
Ristoranti/Pizzerie,Gallarate,Il Cavaliere,"Via Giovanni Battista Trombini 9, Gallarate",,,,,
Ristoranti/Pizzerie,Gallarate,Non Solo Caffè,"Via Giovanni Battista Trombini 8, Gallarate",,,,,
Ristoranti/Pizzerie,Gallarate,Fior di Farina,"Piazza Risorgimento 8, Gallarate",+39 0331 776933,,,,
Ristoranti/Pizzerie,Gallarate,Pausa Piadina - Gallarate,"Via Eugenio Cantoni 2, Gallarate",+39 348 646 2945,,https://www.pausapiadina.it/,"pausa piadina, vieni a scoprire il gusto della vera piadineria artigianale. siamo a gallarate (va) e legnano (mi).",
Ristoranti/Pizzerie,Gallarate,Torrefazione continental,"Via Alessandro Manzoni 11, Gallarate",+39 0331 793647,,,,
Ristoranti/Pizzerie,Gallarate,SushiOne,"Via Angelo Pegoraro 40, Gallarate",+39 0331 780430,info@sushi-one.net,http://www.sushi-one.net,"sushione a gallarate ed è un raffinato ristorante giapponese e coreano con formula all you can eat. adatto per chi ama il pesce fresco, la cucina giapponese e",
Ristoranti/Pizzerie,Gallarate,Bar Sport,"Via Francesco Ferruccio 5, Gallarate",,,,,
Ristoranti/Pizzerie,Gallarate,Caffettiamo,"Via Ugo Foscolo 4a, Gallarate",,,,,
Ristoranti/Pizzerie,Gallarate,Mokaccino Cafè,"Via Mauro Venegoni 12, Gallarate",,,,,
Ristoranti/Pizzerie,Gallarate,Bar Giardino,"Piazza Risorgimento 10, Gallarate",,,,,
Ristoranti/Pizzerie,Gallarate,Fuori Orario,"Via Cesare Beccaria 3, Gallarate",,,,,
Ristoranti/Pizzerie,Gallarate,Amalia Bakery,"Via Eusebio Pastori 1, Gallarate",+39 0331 782411,info@amaliabakeryhome.com,http://www.amaliabakeryhome.com/,"amalia bakery home è una &quot;casa delle golosità&quot; che propone colazioni, brunch, prodotti da forno e servizi di ristorazione, e offre anche delle comode camere.",
Ristoranti/Pizzerie,Gallarate,Dorigo' Storia,"Viale Milano 2, Gallarate",+39 340 350 4811,,,,
Ristoranti/Pizzerie,Gallarate,La Taverna del Luppolo,"Viale Milano 15, Gallarate",,latavernadelluppolo@gmail.com,,,
Ristoranti/Pizzerie,Gallarate,Sapori d'Italia,"Via Magenta 13, Gallarate",,,,,
Ristoranti/Pizzerie,Gallarate,Pizzeria Maestro,"Via Montenero 19, Gallarate",+39 0331 793385,,https://bizsite.link/it-view.php?seo=pizzeria-maestro-931824,"pizzeria maestro - via monte nero, 19, 21013 gallarate va. luoghi da tutto il mondo",
Ristoranti/Pizzerie,Gallarate,La Muraglia,"Via Andrea Doria 3, Gallarate",+39 0331 795159,,,,
Ristoranti/Pizzerie,Gallarate,Lin,"Via Francesco Baracca 20a, Gallarate",,,,,
Ristoranti/Pizzerie,Gallarate,La Goletta,"Via Tiro a Segno 24, Gallarate",,,,,
Ristoranti/Pizzerie,Gallarate,Taikiyuki,"Viale Milano 2, Gallarate",+39 0331 1486302,info@sushitaikiyuki.com,https://www.sushitaikiyuki.com/,,
Ristoranti/Pizzerie,Gallarate,Posteria San Rocco,"Corso Sempione 21, Gallarate",,,,,
Ristoranti/Pizzerie,Gallarate,Caffè Valentina,"Via Giuseppe Mazzini 14, Gallarate",,,,,
Palestre,Varese,Palestra Kodokan,Varese,,,,,
Palestre,Varese,Arrampicata Varese,"Via Donatello 1, Varese",,,https://www.arrampicatavarese.com,"l’arrampicata è una disciplina sportiva che praticata con costanza e passione regala forti emozioni fino ad esprimersi, nella dimensione adulta, in una vera e propria filosofia di movimento nella dimensione verticale. nella nostra palestra presso var...",
Palestre,Varese,FitActive,"Viale Belforte 7d, Varese",,varese@fitactive.it,https://fitactive.it/i-club/varese.php,,
Palestre,Varese,Centro Sport Varese,Varese,,,,,
Palestre,Varese,Urban Fitness,Varese,,,,,
Palestre,Varese,Yoga Studio Varese,Varese,,,,,
Palestre,Varese,New Way Fitness,Varese,,,https://www.newwayfitness.it/,molto più di una palestra.,
Palestre,Varese,Scuolatennis.it,Varese,,,,,
Palestre,Varese,Crossfit V-One,"Via Cesare Correnti 2, Varese",+390332262324,,https://www.facebook.com/531002430306596,"crossfit v-one asd, varese. mi piace: 1755 &#xb7; 710 persone sono state qui. crossfit ovvero constantly varied hight intensity functional movement. le sei...",
Palestre,Varese,Le Tonic cCub Fitness & Spa,"Via Silvestro Sanvito 105, Varese",,,https://www.facebook.com/LeTonicClub/,"le tonic club, varese. mi piace: 5938 &#xb7; 6 persone ne parlano &#xb7; 2755 persone sono state qui. sala pesi, 4 sale corsi, calisthenics, reformer, spa,...",
Palestre,Varese,PalaInsubria,"Via Monte Generoso 59, Varese",+390332219895,,https://www.cusinsubria.it/,,
Palestre,Como,Palestra Cento,"Via Valleggio 16, Como",+39 031 308 573,info@palestracento.it,http://www.palestracento.it/,,
Palestre,Como,Cooperativa Sociale Colisseum,Como,,,,,
Palestre,Como,Como Fitness Club,"Via Luigi Einaudi 4, Como",,,https://www.comofitnessclub.it/,intro ourservices booking love it or die menù chiudi x intro ourservices booking love it or die → scroll to see more ... ↓ scroll to see more ... let&#039;s get in the club join the como fitness club community!the best solution in como to suite your ...,
Palestre,Como,Spingi sui piedi,Como,,,,,
Palestre,Como,Tibia,Como,,,,,
Palestre,Como,Il Placchista,Como,,,,,
Palestre,Como,Fiorellino,Como,,,,,
Palestre,Como,Base,Como,,,,,
Palestre,Como,Caianesimo,Como,,,,,
Palestre,Como,Gioele,Como,,,,,
Palestre,Como,Perone,Como,,,,,
Palestre,Como,Via N,Como,,,,,
Palestre,Como,Colata Bianca,Como,,,,,
Palestre,Como,Piastrine Rosse,Como,,,,,
Palestre,Como,Piastrine Bianche,Como,,,,,
Palestre,Como,First Round First Hole,Como,,,,,
Palestre,Como,McFit,Como,,,,,
Palestre,Gallarate,Life Village,"Via Venti Settembre 14, Gallarate",+39 0331 1852014,,,,
Palestre,Gallarate,ActionFit Gallarate,"Viale Milano 155, Gallarate",+39 351 319 1509,gallarate@actionfit.it,https://www.actionfit.it/,"action fit innovazione, tecnologia e un cuore appassionato, action fit fitness elite, il meglio del fitness in un ambiente nuovo, giovane e dinamico nei suoi infiniti mq dedicati al fitness e al bodybuilding. sala corsi, area funzionale, sala pesi, s...",
Palestre,Gallarate,S. G Virtus,"Via Magenta 19, Gallarate",,,,,
Palestre,Gallarate,Gym's,"Viale Lombardia 49, Gallarate",+39 0331 774513,segreteria@gyms.it,https://www.gyms.it/,nutri il tuo spirito sportivo. scopri la palestra e i corsi gyms e il ristorante vitamine a gallarate.,
Palestre,Gallarate,You Personal Trainer,Gallarate,,,,,
Palestre,Gallarate,Urban Fitness Gallarate,"Viale Milano , Gallarate",+39 0331 148 9128,,,,
Palestre,Gallarate,Palestra Oratorio San Paolo,Gallarate,,,,,
Palestre,Gallarate,Palestra Falcone,"Via Giacomo Matteotti 4, Gallarate",+39 033 177 4605,,https://www.isfalconegallarate.edu.it/,gallarate (va),
Palestre,Busto Arsizio,Campi da tennis,Busto Arsizio,,,,,
Palestre,Busto Arsizio,Island Fun Village,"Via Giandomenico Romagnosi 5, Busto Arsizio",+39 0331 386313,,https://www.islandfunvillage.it/,"centro sportivo island fun village a busto arsizio, con campi da calcetto, 3 piscine con solarium e prato. l&#039;acquapark è perfetto per tutta la famiglia.",
Palestre,Busto Arsizio,McFit,"Via Busona 13, Busto Arsizio",+39 02 3595 0432,,https://mcfit.com,erlebe die trainingsvielfalt im mcfit. das fitnessstudio in deiner nähe. fitness zum fairen preis. jetzt anmelden!,
Palestre,Busto Arsizio,Circolo ARCI Gagarin,"Via Luigi Galvani 2bis, Busto Arsizio",,info@circologagarin.it,https://www.circologagarin.it,"circolo gagarin è la tua casa nello spazio in provincia. concerti, dibattiti, mostre, sport, aggregazione e cultura dal basso",
Palestre,Busto Arsizio,Accademia Scherma Pro Patria et Libertate,Busto Arsizio,,,,,
Palestre,Busto Arsizio,Eolo Sport City,"Corso Sempione 194/6, Busto Arsizio",+39 331 388 6880,info@eolosportcity.it,https://eolosportcity.it/,"eolo sport city &egrave; finalmente realt&agrave;! il nuovo centro sportivo a busto arsizio. oltre 2500mq di campi da padel e calcetto. bar, reception e pro shop.",
Palestre,Busto Arsizio,FitUp,Busto Arsizio,,,,,
Palestre,Busto Arsizio,Centro Studi Karate Busto Arsizio,"Via Magenta 86, Busto Arsizio",+39 338 7335061,info@cskbustoa.it,,,
Palestre,Busto Arsizio,Sporting Club La Terrazza,Busto Arsizio,,,,,
Palestre,Busto Arsizio,PTRoom,Busto Arsizio,,,,,
Palestre,Busto Arsizio,Conceptnine,Busto Arsizio,,,,,
Palestre,Busto Arsizio,Fukyu Karate Club,"Via Lodi 3, Busto Arsizio",+39 339 1303501,,,,
Officine/Artigiani,Varese,Autofficina Minazzi G. Varese,Varese,,,https://www.officinaminazzi.it/,"autofficina minazzi g. varese, tagliandi multimarche, riparazioni in genere, impianti gpl, ganci traino, servizio pneumatici, riparazione parabrezza, offerte, promozioni, consigli per la sicurezza e per risparmiare",
Officine/Artigiani,Varese,Nuova Orrigoni gomme s.r.l.,"Via Leopoldo Giampaolo 2, Varese",,,,,
Officine/Artigiani,Varese,CE.CRE.,Varese,,,,,
Officine/Artigiani,Varese,Carrozzeria Fratelli Bardelli,"Viale Luigi Borri 25, Varese",+39 0332 265312,info@carrozzeriafratellibardelli.it,,,
Officine/Artigiani,Varese,Elettrauto CE.CRE.,Varese,,,,,
Officine/Artigiani,Varese,Il barba delle gomme,Varese,+390332228100,info@ilbarbadellegomme.it,,,
Officine/Artigiani,Varese,Officina Pedetti,"Via Luigi Angeloni 40, Varese",+39 0332 310374,,http://www.autofficinapedetti.it/,"offriamo servizi di autoriparazione, pneumatici e manutenzione auto a varese con competenza certificata. prenota ora per interventi rapidi e affidabili.",
Officine/Artigiani,Varese,Autofficina Dino,"Via Silvestro Sanvito 106, Varese",,,,,
Officine/Artigiani,Varese,Nuova Rettifica Motori,"Via Carlo Avegno 4, Varese",+39 0332 281 532,,,,
Officine/Artigiani,Varese,Iperpneum Di Abbiati Claudio E C. Snc,"Via Montebello 3, Varese",+390332320034,,,,
Officine/Artigiani,Varese,Degli Abbati,"Via Magenta 53, Varese",+39 0332 286701;+39 0332 239281;,,https://degliabbati.mastromichelin.it/,,
Officine/Artigiani,Varese,Norauto,"Viale Belforte 315, Varese",,,,,
Officine/Artigiani,Varese,Stop & Start Officina,Varese,,,,,
Officine/Artigiani,Varese,Autofficina Zanotti,Varese,,,,,
Officine/Artigiani,Varese,Tecnogomme,"Via Giulio Giordani 68, Varese",+39 0332 229440,,,,
Officine/Artigiani,Varese,Carrozzeria Luna,Varese,,,https://www.carrozzerialuna.com/,"esperta nei servizi di autocarrozzeria dal 1952, la carrozzeria luna srl si è affermata a varese e dintorni come un punto di riferimento sicuro e fidato per ogni tipo di mezzo. garantiamo un lavoro svolto a regola d’arte in ogni minimo dettaglio, la ...",
Officine/Artigiani,Varese,Doctor Glass,Varese,,,,,
Officine/Artigiani,Varese,Fiat,Varese,,,,,
Officine/Artigiani,Varese,Lancia,Varese,,,,,
Officine/Artigiani,Varese,Alfa Romeo,Varese,,,,,
Officine/Artigiani,Varese,Opel,Varese,,,,,
Officine/Artigiani,Varese,GM Garage,Varese,,,,,
Officine/Artigiani,Varese,Motorizzazione Civile - Officina Autorizzata - Centro Reviisionisioni,Varese,,,,,
Officine/Artigiani,Varese,Carrozzeria Diaman Car,Varese,,,,,
Officine/Artigiani,Varese,Autoriparazioni Vedani Grandelli Malavasi,Varese,,,,,
Officine/Artigiani,Varese,Carrozzeria Fasola,Varese,,,,,
Officine/Artigiani,Varese,Autofficina Gianpaolo Minazzi,Varese,,,,,
Officine/Artigiani,Varese,Carrozzeria Donato Felice,Varese,,,,,
Officine/Artigiani,Varese,Carrozzeria 3P,Varese,+39 0332 320138,,,,
Officine/Artigiani,Varese,F.lli Palazzo,Varese,,,https://www.palazzocarrozzeria.it/,"la carrozzeria autorizzata f.lli palazzo si occupa di riparazione auto renault e dacia, servizi di revisione e soccorso stradale. chiamate ora!",
Officine/Artigiani,Como,Autofficina Ideal,"Via Papa Pio Undicesimo , Como",+39 031 531111,,,,
Officine/Artigiani,Como,Autoriparazioni Rino,Como,,,,,
Officine/Artigiani,Como,Carrozzeria Sangiorgio,"Via Asiago 11, Como",+39 031 573475,,,,
Officine/Artigiani,Como,Carrozzeria F.lli Tettamanti,"Viale Risorgimento 29C, Como",+39 031 523380,info@tettamanticarrozzeria.it,https://tettamanticarrozzeria.it,,
Officine/Artigiani,Como,Carrozzeria Albonico,Como,,,,,
Officine/Artigiani,Como,Breccia motori,Como,,,,,
Officine/Artigiani,Como,Lexus Como - Rivauto,Como,,,https://lexus-como.it/,,
Officine/Artigiani,Como,Rivauto;Rivauto (Como),Como,,,https://rivauto-toyota.it/,,
Officine/Artigiani,Como,Autogomme Ventimiglia,"Via Varesina 150, Como",+39 031 590883,,,,
Officine/Artigiani,Como,Officina Lanzoni,"Via Pasquale Paoli 61, Como",+39031590295,info@officinalanzoni.com,https://www.officinalanzoni.com/,autofficina specializzata a como,
Falegnamerie,Varese,Aldo Colombo,Varese,,,,,
Lavanderie,Varese,Romano,Varese,,,,,
Lavanderie,Varese,Il giusto prezzo,Varese,,,,,
Lavanderie,Varese,Di Varese,Varese,,,,,
Lavanderie,Varese,lava&cuce,"Viale Belforte 315, Varese",,,,,
Lavanderie,Varese,Laundry,Varese,,,,,
Lavanderie,Gallarate,Quick Sec,"Via Postcastello 16, Gallarate",,,,,
Lavanderie,Gallarate,La Clessidra,"Vicolo San Martino 2, Gallarate",+39 0331 792572,,,,
Lavanderie,Gallarate,Lavasecco Katya,"Via Scipione Ronchetti 2, Gallarate",,,,,
Lavanderie,Gallarate,Wizzy,"Via Francesco Baracca 2, Gallarate",,,,,
Lavanderie,Gallarate,Le Belle Lavanderine,Gallarate,,,,,
Lavanderie,Gallarate,Cigliano,Gallarate,,,,,
Lavanderie,Gallarate,Lavanderia Eden,Gallarate,,,,,
Hotel,Varese,Hotel Plaza,Varese,,,,,
Hotel,Varese,City Hotel,Varese,,,,,
Hotel,Varese,Vecchia Riva,Varese,,,,,
Hotel,Varese,B&B Douglas House (Bike Hotel),Varese,,,,,
Hotel,Varese,Hotel Capolago,"Via per Bodio 74, Varese",+39 0332 831840,info@hotelcapolago.it,https://www.capolago.it/,scopri l,
Hotel,Varese,Albergo Bologna,"Via Giuseppe Broggi 7, Varese",+39 0332 232100,info@albergobologna.it,https://www.albergobologna.it/,https://www.albergobologna.it/it/albergo/albergo.html,
Hotel,Varese,Hotel Stelvio,"Via Tonale 10, Varese",+39 0332 334800,,https://www.hotelstelvio.com/,l,
Hotel,Varese,Villa Giuli,"Via Ticino 4, Varese",,,http://www.villagiuli.it/,villa giuli è un bed & breakfast (b&b) situato a varese tra i laghi e le prealpi varesine e a ridosso del parco del campo dei fiori,
Hotel,Varese,Repubblica di Oz,"Piazza Giovine Italia 3, Varese",+39 333 859 0055,,,,
Hotel,Varese,Hotel Mira,Varese,,,,,
Hotel,Varese,Il Rifugio degli Artisti - b&b,Varese,,,https://www.facebook.com/ilRifugioDegliArtistiVarese/,"il rifugio degli artisti b&amp;b, varese. mi piace: 104 &#xb7; 1 persona &#xe8; stata qui. b&amp;b a conduzione familiare ideale per chi deve raggiungere a piedi il centro...",
Hotel,Varese,Casagaggio,Varese,,,https://www.casagaggio.com/,,
Hotel,Varese,Bel Sorriso Varese,Varese,,,https://www.belsorrisovarese.it/,"belsorrisovarese - camere private e appartamenti a varese. comfort garantito, ingresso indipendente, vicino centro e stazioni.",
Hotel,Varese,BB Cadore,Varese,,,https://www.bbcadore.it/it/,casa vacanze b&amp;b cadore a varese,
Hotel,Varese,La Collina,Varese,+39 0332 260221,,,,
Hotel,Varese,La Casa del Riccio,Varese,,,https://www.lacasadelriccio.info/,"bed &amp; breakfast la casa del riccio, bed&amp;breakfast e pensione a varese generale",
Hotel,Varese,Bed & Breakfast Le Due G,Varese,,,https://bb-ledueg.it/it/,,
Hotel,Varese,La Terrazza,Varese,,,,,
Hotel,Varese,Hotel Al Borducan,"Via Beata Caterina Moriggi 43, Varese",+39 0332 220567,info@borducan.com,https://www.hotelalborducan.com,"scopri come vivere esperienze autentiche al borducan di varese, un boutique hotel con bar e ristorante, ricco di storia e charme dal 1924",
Hotel,Varese,Le3b,Varese,,,http://www.le3b.it/pagina_home.htm,,
Hotel,Varese,Titti,Varese,,,,,
Hotel,Varese,Lilliput,Varese,,,https://beb.it/lilliput/it/,bed &amp;amp; breakfast lilliput b&amp;b a varese,
Hotel,Varese,Casavacanze Villa Moia,Varese,,,,,
Hotel,Varese,Il Fontanile,Varese,,,,,
Hotel,Varese,Hotel Foresteria dei Piaceri Campestri,Varese,,,,,
Hotel,Varese,La Casa del Canottiere,Varese,+39 335 591 7688,,,,
