fonte,categoria,citta,nome,indirizzo,telefono,sito,descrizione,note,punteggio
,Ristoranti/Pizzerie,Erba,Relais & Spa Castello di Casiglio,"Via Cesare Cantù, 21, 22036 Erba CO, Italia",031 627288,https://www.hotelcastellodicasiglio.it/?utm_source=gbp&utm_medium=organic,"Relais & Spa Castello di Casiglio è una struttura di prestigio a Erba che combina ristorazione di alta gamma, hotel e spa. I consumi energetici sono elevati per la gestione di camere, cucina, area benessere e climatizzazione. Target luxury con potenziale alto di spesa energetica.","Contattare allo 031 627288, chiedere del direttore o facility manager. Proporre contratto energia per strutture ricettive con fasce differenziate e soluzioni green certificate. Spiare la sensibilità verso sostenibilità ambientale come leva.",10
,Ristoranti/Pizzerie,Stresa,Grand Hotel Des Iles Borromees,"Corso Umberto I, 67, 28838 Stresa VB, Italia",0323 938938,http://www.borromees.com/,"Grand Hotel Des Iles Borromees a Stresa è un hotel 5 stelle lusso storico con ristoranti interni, spa e sale eventi. Consumi energetici altissimi per l'intera struttura ricettiva di prestigio.",Tel 0323 938938. Struttura di altissimo livello. Contattare il direttore tecnico/facility manager. Proposta energetica premium con servizi di efficienza e certificazioni green.,10
,Ristoranti/Pizzerie,Somma Lombardo,Hotel Ristorante La Perla,"Via Sottomonte, 4- 28040 Varallo Pombia (NO)","0321 921447, 0321 921561",https://www.hotelristorantelaperla.it/it/hotel-ristorante-4-stelle-varallo-pombia/hotel,"Hotel ristorante con 52 camere, piscina, parco, navetta Malpensa. Ristorante interno, bar, colazione buffet. Climatizzazione camere, piscina riscaldata, lavanderia, cucina professionale. Consumi energetici molto alti.",Hotel con piscina e 52 camere: altissimi consumi. Target premium per audit energetico completo.,9
,Ristoranti/Pizzerie,Somma Lombardo,Shine Malpensa S.r.l.,"Via Giovanni Oldrini, 1 - 21019 Somma Lombardo (VA)",0331 18330,http://hiex-malpensahotel.com/,"Holiday Inn Express Malpensa, hotel 121 camere con colazione inclusa, navetta, sala riunioni. 2 colonnine ricarica EV. Tavola calda sera. Climatizzazione 121 camere, lavanderia, cucina professionale. Consumi energetici molto alti.",Hotel 121 camere con climatizzazione estesa: target premium per efficienza energetica.,9
,Ristoranti/Pizzerie,Cassano Magnago,Bar Pizzeria Nello,"Via Postporta, 6 - 21013 Gallarate (VA)",0331 799749,http://www.barpizzerianello.it/,"Bar Pizzeria Nello a Gallarate, storico dal 1944. Pizza, panini, delivery, app dedicata. Aperto fino a tarda notte (4:30). Locale con ampia offerta e promozioni frequenti.",Attività longeva con orari estesi = consumi elevati. Cliente ideale per illuminazione e ottimizzazione forni. Chiamare nel pomeriggio.,9
,Ristoranti/Pizzerie,Cantu,Gusto Tondo Cermenate,"Via De Gasperi Alcide, 29- 22072 Cermenate (CO)",328 788 2554,http://www.gusto-tondo.it/,"Gusto Tondo con sedi a Cermenate, Cesano Maderno e Varedo. Ristorante, pizzeria, hamburgeria, griglieria. Catena in crescita con materie prime di qualità.",Catena di ristoranti = opportunità multi-sito. Ideale per proposta su efficienza energetica a livello gruppo. Chiedere referente energia.,9
,Ristoranti/Pizzerie,Mariano Comense,Pizzeria Zio Pizza,"Piazza Repubblica, 2 - 20833 Giussano (MB)",0362 332197,http://www.ziopizza.it/,"Pizzeria Zio Pizza & Burger a Mariano Comense (e altre sedi), catena di pizzerie dal 1996. Pizza, hamburger, colazione, take away.",Catena con 4 sedi = opportunità multi-sito. Consumi elevati per forni e refrigerazione. Cliente ideale per proposta gruppo.,9
,Ristoranti/Pizzerie,Erba,Il Cenacolo Ristorante,"Via Leonardo Da Vinci, 6, 22036 Erba CO, Italia",031 611556,https://www.ilcenacolorestaurant.it/,"Il Cenacolo Ristorante è un ristorante gourmet di lusso a Erba, specializzato in pesce fresco, pasta fatta in casa e carne selezionata. Dispone di più sale per banchetti, cerimonie ed eventi aziendali, con una clientela di alto livello. La struttura ha consumi energetici significativi dati dalla cucina professionale e dalla gestione di eventi.","Chiamare allo 031 611556, chiedere del responsabile. Puntare su contratti energia personalizzati per ristorazione professionale con fascia di potenza adeguata. Menzionare i costi fissi elevati e la possibilità di risparmio con tariffe dedicate HORECA.",9
,Ristoranti/Pizzerie,Lomazzo,Trattoria contemporanea,"Via del Ronco, 10, 22074 Lomazzo CO, Italia",02 8089 6040,https://www.trattoriacontemporanea.it/,"Trattoria contemporanea a Lomazzo è un ristorante stellato con cucina innovativa e giovanile. Esperienza fine dining di alto livello, brigata giovane e menu creativo. Location design sostenibile.","Tel 02 8089 6040. Ristorante di alto livello, approccio professionale e curato. Puntare su partnership con fornitore di energia rinnovabile per mantenere l'immagine sostenibile.",9
,Ristoranti/Pizzerie,Lomazzo,Just Hotel Lomazzo,"Via Ceresio, 49, 22074 Lomazzo CO, Italia",02 9694 1801,https://www.justhotelgroup.it/just-hotel-lomazzo/,"Just Hotel Lomazzo è un hotel strategico con ristorante/pizzeria La Rotonda, bar, sala meeting e snack bar. Ampio parcheggio gratuito, pet friendly, reception 24h. Struttura ricettiva importante con consumi energetici elevati per camere, cucina e climatizzazione.",Tel 02 9694 1801. Struttura alberghiera. Chiedere del facility manager o direttore. Proposta per strutture ricettive con tariffe agevolate notturne e weekend.,9
,Ristoranti/Pizzerie,Lomazzo,Hotel Ristorante Marinoni,"Via Cavour, 3, 22074 Lomazzo CO, Italia",02 9677 9801,http://www.hotelmarinoni.it/,"Hotel Ristorante Marinoni a Lomazzo è uno storico hotel con ristorante nato nel 1911, oggi con 24 camere ristrutturate e ristorante da 80 coperti. Posizione strategica vicino alla stazione, tra Milano e Como. Consumi elevati per la doppia attività ricettiva e ristorativa.",Tel 02 9677 9801. Chiedere del direttore. Struttura storica con potenziale di efficientamento energetico. Proporre analisi dei consumi dual fuel.,9
,Ristoranti/Pizzerie,Varese,Tana D'Orso,"Via Mottarone, 43- 21100 Varese (VA)",0332 320392,http://www.ristorantetanadorso.it/,"Ristorante elegante in Borgo Mustonate (Varese) con 150 coperti, specializzato in cucina lombarda e piemontese. Dispone di due piani, sale per eventi e matrimoni, giardino. Cucina professionale diretta da chef. Alti consumi energetici per climatizzazione e cucina.",Location eventi con oltre 150 coperti e climatizzazione estensiva: target ideale per efficienza energetica e risparmio.,8
,Ristoranti/Pizzerie,Varese,Volo a Vela,"Lungo Lago, 45- 21100 Varese (VA)","0332 310170, 338 3480080",https://www.ristorantevoloavela.it/,"Ristorante con pizzeria sul Lago di Varese, 150 coperti interni + 100 terrazza, specializzato in cerimonie e banchetti. Forno a legna, cucina mediterranea. Climatizzazione estesa, consumi energetici alti.",Location eventi con 250 copetti e forno a legna: forte candidato per audit energetico su climatizzazione e cottura.,8
,Ristoranti/Pizzerie,Somma Lombardo,Ristorante Il Cervo - Malpensa,"Via De Pinedo, 1- 21019 Somma Lombardo (VA)","0331 230821, 0331 230274",https://www.hotelcervo.it/,"Hotel e ristorante a 1 km da Malpensa con navetta aeroporto. 52 camere, cucina casalinga, bar. Climatizzazione camere, refrigeration cucina, lavanderia. Consumi energetici alti per struttura alberghiera.",Hotel con ristorante e navetta: alti consumi per climatizzazione e lavanderia. Target valido.,8
,Ristoranti/Pizzerie,Somma Lombardo,Birrificio Settimo,"Via Monte Rosa, 33- 21040 Carnago (VA)",0331 160 2020,http://www.birrificiosettimo.it/,"Birrificio artigianale e pub a Somma Lombardo dal 2010. Produce tre linee di birra, offre pizze e cucina. Attrezzatura per produzione birra (consumo elettrico e termico significativo), cucina. Consumi energetici medio-alti.",Birrificio con produzione interna: alti consumi per processo produttivo. Target molto interessante.,8
,Ristoranti/Pizzerie,Cassano Magnago,Ilario Vinciguerra,"Via Roma, 1 - 21013 Gallarate (VA)",0331 791597,https://www.ilariovinciguerra.it/,"Ristorante fine dining dello chef Ilario Vinciguerra a Cassano Magnago, con cucina in evoluzione e menu che cambia ogni due mesi. Ambiente elegante con selezione di vini.",Ristorante di alta gamma con cucina energy-intensive. Potenziale cliente per efficienza e illuminazione LED. Chiamare in orario tranquillo.,8
,Ristoranti/Pizzerie,Cassano Magnago,Ristorante Idea Verde,"Via San Francesco, 19 - 21057 Olgiate Olona (VA)",0331 629487,http://www.ristoranteideaverde.it/,"Ristorante Idea Verde a Cassano Magnago, 25+ anni di attività, specializzato in pesce con business lunch nei feriali. Location con 3 sale, dehor estivo e parcheggio privato.",Attività consolidata con volumi importanti. Ideale per proposta di audit energetico su cucina e climatizzazione.,8
,Ristoranti/Pizzerie,Cantu,Tiporto,"Via Milano, 71- 22063 Cantù (CO)",039 5964844,http://www.tiportorestaurant.com/,"Tiporto restaurant a Monza e Cantù, concept marinara con asta del pesce. Ambiente a tema mare, pesce freschissimo, fritto misto servito a metraggio.",Concept originale e molto frequentato. Consumi elevati per refrigerazione pesce. Cliente ideale per audit energetico.,8
,Ristoranti/Pizzerie,Cantu,Cassina Pelada,"Cascina Pelada, 115 - 22063 Cantù (CO)",031 706735,http://www.cassinapelada.com/,"Cassina Pelada a Cantù, ristorante per matrimoni e ricevimenti da oltre 50 anni. Ampia struttura con parco, patio, sale. Specializzato in eventi e cerimonie.",Location per eventi con alti consumi stagionali. Cliente ideale per efficienza climatizzazione e illuminazione. Chiamare in bassa stagione.,8
,Ristoranti/Pizzerie,Cantu,Pasticceria Bar Gelateria Farina,"Via Matteotti Giacomo, 12 - 22063 Cantù (CO)",031 714214,https://www.gourmetfarina.it/,"Pasticceria Bar Gelateria Farina a Cantù, con due sedi. Produzione artigianale di pasticceria, gelato, caffè torrefatto, pane e pizza. Storico locale con laboratorio.",Produzione artigianale = energia per refrigerazione e cottura. Potenziale per efficienza laboratorio. Due sedi = doppia opportunità.,8
,Ristoranti/Pizzerie,Cantu,Toyo Sushi,"Via Nazario Sauro, 1 - 22073 Fino Mornasco (CO)",328 5812954,https://www.facebook.com/TOYOCAGLIARI/,"Hotel Ristorante Cavour a Lomazzo, hotel con ristorante. Struttura ricettiva completa.",Hotel + ristorante = consumi elevati e diversificati. Cliente ideale per audit energetico completo. Chiamare direzione.,8
,Ristoranti/Pizzerie,Mariano Comense,Makai Uramakeria,"Via Roma, 19 - 20821 Meda (MB)",328 4032942,https://www.makaiuramakeria.it/,"Makai Uramakeria, catena con sedi a Busto Arsizio, Meda, Saronno. Uramakeria tropicale con 82 tipi di uramaki. Concept innovativo.",Catena multi-sede in crescita. Consumi refrigerazione e illuminazione. Ideale per proposta gruppo su efficienza.,8
,Ristoranti/Pizzerie,Olgiate Comasco,Sushinfinity/Inifnity,"Via Cesare Battisti, 69 - 21043 Castiglione Olona (VA)",0331 804987,https://www.sushinfinity.com/,"Sushinfinity a Olgiate Comasco, sushi all-you-can-eat con menù fisso feriale 12€. Sala moderna con area giochi, ordinazione da tablet. Aperto anche pranzo.",Sushi AYCE con volumi elevati e refrigerazione intensiva. Buon potenziale per efficienza catena freddo. Prezzi competitivi = sensibilità costi.,8
,Ristoranti/Pizzerie,Stresa,Il Verbano,"Via Ugo Ara, 2- 28838 Stresa (VB)",333 3842535,https://ilverbano.com/,"Il Verbano a Stresa - Isola dei Pescatori, albergo ristorante stellato chef Marco Sacco (2 stelle Michelin). Cucina di lago di alta gamma.","Ristorante stellato di altissimo livello. Cliente premium con budget per efficienza. Approccio consulenziale, non commerciale.",8
,Ristoranti/Pizzerie,Erba,Doppio Malto Erba,"Via Milano, 9, 22036 Erba CO, Italia",031 333 4187,https://www.doppiomalto.com/it/ristoranti/erba/,"Doppio Malto Erba fa parte della catena di birrerie/ristoranti con produzione propria di birra artigianale e cucina alla griglia. Locale con alta affluenza, posizionato su un target giovane e dinamico. Il processo produttivo della birra richiede energia elettrica e termica costante.","Contattare al 031 333 4187. Proporre un'analisi dei consumi per attività con produzione artigianale interna, evidenziando le agevolazioni per imprese energivore medio-piccole. Confronto con offerte attuali della catena.",8
,Ristoranti/Pizzerie,Olgiate Comasco,La Pioppa,"Via per Casarico, 7, 22079 Villa Guardia CO, Italia",031 470089,https://agriturismolapioppa.it/,"Agriturismo La Pioppa a Olgiate Comasco è un agriturismo con ristorante, fattoria didattica, alloggi e organizzazione eventi/matrimoni. Struttura immersa nel verde con consumi elevati per accoglienza turistica.",Tel 031 470089. Evitare ore pasto (12-14.30 e 19-21). Proporre energia verde certificate RECS per target sensibile all'ambiente.,8
,Ristoranti/Pizzerie,Olgiate Comasco,ROADHOUSE RESTAURANT OLGIATE COMASCO,"Via Roma, 116, 22077 Olgiate Comasco CO, Italia",031 942076,http://www.roadhouse.it/,"ROADHOUSE RESTAURANT OLGIATE COMASCO è un noto brand di steakhouse in franchising con ampia offerta di carne alla griglia. Locale molto frequentato, promozioni settimanali e app dedicata.",Tel 031 942076. Il contratto energia è gestito probabilmente dalla sede centrale della catena. Verificare se il singolo punto vendita ha autonomia.,8
,Ristoranti/Pizzerie,Arona,RISTORANTE & HOTEL PIROSCAFO LOMBARDIA 1908 ARONA,"Corso Repubblica, SNC, 28041 Arona NO, Italia",342 169 7226,https://piroscafolombardia1908.it/,RISTORANTE & HOTEL PIROSCAFO LOMBARDIA 1908 ARONA è una struttura storica con ristorante e hotel che richiama il celebre piroscafo del Lago Maggiore. Location iconica con forte potenziale turistico e consumi energetici rilevanti.,"Tel 342 169 7226. Struttura storica e iconica. Proposta per hotel con ristorante: dual fuel, efficienza energetica.",8
,Ristoranti/Pizzerie,Laveno Mombello,Funivie del Lago Maggiore,"Via Don C. Tinelli, 15, 21014 Laveno-Mombello VA, Italia",0332 668012,http://www.funiviedellagomaggiore.it/,Funivie del Lago Maggiore a Laveno Mombello è l'impianto di risalita con punto ristoro. Consumi energetici elevati per l'impianto funiviario.,Tel 0332 668012. Gestione impianto a fune. Contratto energia per infrastrutture.,8
,Ristoranti/Pizzerie,Varese,Mareamore,"Via Parini Giuseppe, 61- 21100 Varese (VA)",375 8092368,https://ristorantemareamore.it/,"Ristorante di pesce a Varese con area bimbi, ingredienti freschi e atmosfera familiare. Dispone di cucina professionale con attrezzature per pesce, celle frigorifere e forni. Potenziali consumi medio-alti per refrigeration e cottura.",Il pesce fresco richiede catene del freddo costanti: possiamo proporre audit energetico su refrigeration e cottura per tagliare costi.,7
,Hotel/B&B,Varese,I Palazzi - Palace Grand Hotel Varese,"Via Manara Luciano, 11, 21100 Varese VA, Italia",0332 327100,https://www.palacevarese.com/,"Palace Grand Hotel Varese, struttura alberghiera di prestigio. Consumo energetico elevato per camere, ristorante, lavanderia, riscaldamento e climatizzazione. Albergo di categoria superiore con servizi completi.",Grande potenziale energy. Richiedere referente facility management. Proporre audit energetico gratuito per hotel.,9
,Hotel/B&B,Saronno,Fiera Milano,"Via San Bernardo, 74 - 20017 Rho (MI)",02 49977179,http://www.fieramilano.it/,"Ente fieristico con grandi spazi espositivi, illuminazione e climatizzazione. Consumi energetici enormi.",Cliente istituzionale di altissimo profilo. Necessita contatto commerciale dedicato.,8
,Hotel/B&B,Varese,UNAHOTELS Varese,"Via Francesco Albani, 73, 21100 Varese VA, Italia",0332 466001,https://www.unaitalianhospitality.com/it/soggiorni/una-hotels-varese,"UNAHOTELS Varese, catena alberghiera nazionale con consumi energetici standardizzati. Appartiene a gruppo con possibile gestione centralizzata energia.",Decisione energy probabilmente centralizzata. Chiedere se trattano a livello locale o gruppo.,8
,Hotel/B&B,Varese,Villa Cagnola,"Via Guido, Via Cagnola, 21, 21045 Gazzada Schianno VA, Italia",0332 161 4000,http://villacagnola.it/,"Villa Cagnola a Varese, dimora storica con servizi ricettivi di prestigio. Immobile di grandi dimensioni con consumi energetici significativi per riscaldamento e climatizzazione.",Edificio storico = consumi termici elevati. Ideale per efficienza energetica e fonti rinnovabili.,8
,Hotel/B&B,Saronno,Hotel Cyrano,"Via IV Novembre, 11/13, 21047 Saronno VA, Italia",02 2556 5077,https://www.hotelcyranosaronno.com/,"Hotel Cyrano a Saronno, hotel 4 stelle in centro con interni eleganti e raffinati. Servizi per viaggiatori business. Consumo energetico medio-alto.",4 stelle = standard alto. Proporre energia premium con servizi di consulenza.,8
,Hotel/B&B,Gavirate,HOTEL RISTORANTE CORONA,"Largo Cappia, 6, 21030 Cuvio VA, Italia",0332 624150,http://www.hotelcoronacuvio.com/,"Hotel Ristorante Corona a Cuvio (classificato Gavirate). Storica struttura a conduzione familiare con 33 camere, ristorante, giardino e sale eventi. Gestito da 3 generazioni dalla famiglia Sartorio. Consumi energetici elevati per camere, ristorante e riscaldamento.","Struttura grande, famiglia = decisione rapida. Chiedere consumo annuo e contratto attuale.",8
,Hotel/B&B,Gavirate,Hotel Ristorante la Bussola,"Via G. Marconi, 28, 21033 Cittiglio VA, Italia",0332 602291,https://www.labussolaristorante.it/,"Hotel Ristorante la Bussola a Cittiglio (classificato Gavirate). Hotel con 28 camere e ristorante gourmet, gestione familiare da 3 generazioni. Cucina tradizionale emiliana e piemontese. Consumi doppi.",Grande struttura familiare. Ristorante rinomato = buon potenziale. Proporre pacchetto energia+gas.,8
,Hotel/B&B,Somma Lombardo,ZEUS Essence Dolce by Wyndham MIlan Malpensa,"Via Giuseppe Mazzini, 63, 21019 Somma Lombardo VA, Italia",0331 166 0300,https://www.zeusintl.com/zeus-essence-dolce-milan-malpensa,"Hotel 4 stelle vicino Malpensa, 100+ camere, ristorante, bar, sale meeting. Parte del gruppo Zeus Hotels.",Grande struttura alberghiera con consumi elevatissimi. Audit su climatizzazione e ACS.,8
,Hotel/B&B,Erba,Hotel Leonardo Da Vinci,"Via Leonardo Da Vinci, 6, 22037 Erba CO, Italia",031 611556,https://www.hotelleonardodavinci.com/,"Hotel Leonardo Da Vinci a Erba. Hotel 4 stelle con ristorante Il Cenacolo, centro congressi e lounge bar. Posizione strategica tra Como e Lecco, vicino Lariofiere. Consumi energetici elevati.",4 stelle con congressi = consumi alti e prevedibili. Buon potenziale. Chiedere facility manager.,8
,Hotel/B&B,Erba,Albergo Ristorante Sala - Spa,"Via Vittorio Veneto, 21, 22039 Valbrona CO, Italia",031 661023,http://albergosala.com/,"Albergo Ristorante Sala - Spa a Erba. Albergo con ristorante e SPA. Consumi elevati per SPA, piscina, riscaldamento e ristorazione.",SPA = consumi altissimi termici ed elettrici. Ottimo potenziale per consulenza energy.,8
,Hotel/B&B,Verbania,Hotel Intra,"Corso Goffredo Mameli, 133, 28921 Verbania VB, Italia",0323 581393,http://www.verbaniahotel.it/,"Hotel Intra a Verbania. Hotel 3 stelle superiore affacciato sul lago, storico dal 1879 gestito da 3 generazioni. 40 camere, sala colazione con vista lago, biciclette per ospiti. Consumi elevati.",Hotel storico con lago = consumi significativi. Famiglia Garlandini = decisione diretta. Buon potenziale.,8
,Hotel/B&B,Stresa,Hotel Royal Stresa,"Viale Lido, 1, 28838 Stresa VB, Italia",327 779 7813,http://www.hotelroyalstresa.com/,"Hotel Royal Stresa a Stresa. Villa d'epoca con piscina, parco, vista Isole Borromee. Eleganza classica con lampadari Murano. Consumi elevatissimi per piscina, riscaldamento e servizi luxury.",Hotel di lusso con piscina = consumi alti. Proporre consulenza energy per hotel premium.,8
,Hotel/B&B,Varese,N Restaurant,"Via al Campo, 99 - 21010 Cardano al Campo (VA)",0331 266611,http://www.premiatagnoccheriarisotteria.com/,Ristorante tradizionale italiano a Varese e Cantello. Specializzato in gnocchi fatti in casa e risotti. Pane con lievito madre.,Due sedi = doppio consumo. Cucina tradizionale con fornelli e forni.,7
,Hotel/B&B,Como,Casa Bianca Apartments,"Via Antelami Benedetto, 8 - 22100 Como (CO)",031 5161,https://www.kkresortapartments.com/,"Resort con appartamenti di lusso sul Lago di Como, piscina, SPA, ristorante Michelin. Centro benessere con sauna e bagno turco.","Target alto profilo: resort con consumi elevati per SPA, piscina e climatizzazione. Audit completo.",7
,Hotel/B&B,Arona,Ristoranti,"Via Verbano, 1 - 28041 Arona (NO)","0322 249321, 0322 249321",https://www.vecchiaarona.it/,"Ristorante sul lungolago di Arona. Chef Carbonati. Cucina di pesce, materie prime locali.",Ristorante professionale. Audit su consumi cucina.,7
,Hotel/B&B,Arona,Albergo Rist. San Carlo S.a.s. di Spina Luca e C,"Via Marconi, 11 - 28010 Nebbiuno (NO)",0322 215605,https://www.hotelristorantesancarlo.com/,"Hotel ristorante sul Lago Maggiore ai piedi della Statua di San Carlo. Ristorante, camere vista lago. Dal 1932, ristrutturato.",Hotel + ristorante: doppio consumo. Audit su climatizzazione e cucina professionale.,7
,Hotel/B&B,Varese,Stay Hotel,"Via Gallarate, 2, 21020 Brunello VA, Italia",0332 870056,https://www.stay-hotel.it/,"Stay Hotel a Varese, struttura ricettiva moderna. Consumi energetici per camere e servizi comuni. Posizionato per turismo business.",Contattare per offerta energia alberghiera. Valutare orari migliori per chiamata.,7
,Hotel/B&B,Varese,Bis Hotel Varese,"Via Franco Ossola, 21100 Varese VA, Italia",0332 181 0166,http://www.bishotelvarese.it/,"Bis Hotel Varese, struttura moderna 3-4 stelle con servizi per business e turismo. Consumo energetico medio-alto.",Chiamare per offerta energia alberghiera. Valutare referente acquisti.,7
,Hotel/B&B,Varese,Vecchia Riva | Hotel e Ristorante,"Via Giovanni Macchi, 146, 21100 Varese VA, Italia",0332 329300,http://www.vecchiariva.com/,"Vecchia Riva Hotel e Ristorante a Varese, struttura con ristorante annesso. Doppio consumo energetico: camere + cucina professionale.",Ospitalità + ristorazione = doppia opportunità. Offrire pacchetto energia integrato.,7
,Hotel/B&B,Varese,Art Hotel,"Viale Padre G. B. Aguggiari, 26, 21100 Varese VA, Italia",0332 214000,http://www.arthotelvarese.it/,"Art Hotel a Varese, hotel di design con servizi per turismo business e leisure. Consumi energetici medi per categoria alberghiera.",Target medio-alto. Proporre energia verde / sostenibile per allineamento brand.,7
,Hotel/B&B,Varese,BelSorrisoVarese - Boutique Hotel & Residence,"Piazza Biroldi, 8, 21100 Varese VA, Italia",342 189 5829,http://www.belsorrisovarese.it/,BelSorrisoVarese - Boutique Hotel & Residence. Struttura di categoria superiore con residence annesso. Consumo energetico elevato per servizi di qualità.,Boutique hotel = attenzione a servizio e dettaglio. Proporre consulenza energetica personalizzata.,7
,Hotel/B&B,Gallarate,Hotel D120,"Via Armando Diaz, 120, 21057 Olgiate Olona VA, Italia",0331 635115,https://www.hoteld120.com/,"Hotel D120 a Gallarate, hotel moderno posizionato per business. Consumo energetico medio-alto con servizi per viaggiatori d'affari.",Business hotel = consumi continui. Proporre soluzione energia + servizi connectivity.,7
,Hotel/B&B,Gallarate,MO.OM Hotel,"Via S. Francesco D'Assisi, 15, 21057 Olgiate Olona VA, Italia",0331 327511,https://www.moomhotel.com/?utm_source=google&utm_medium=organic&utm_campaign=GMB,"MO.OM Hotel a Gallarate, struttura contemporanea con design moderno. Consumi energetici per camere e aree comuni.",Hotel moderno = attento a innovazione. Proporre energia green come valore aggiunto.,7
,Hotel/B&B,Gallarate,"Jet Hotel, Sure Hotel Collection by Best Western","Via Tiro a Segno, 22, 21013 Gallarate VA, Italia",0331 772100,http://www.jethotel.com/,"Jet Hotel, Sure Hotel Collection by Best Western a Gallarate. Appartiene a catena internazionale Best Western con standard energetici di gruppo.",Best Western = decisioni centralizzate. Verificare se acquisti energia gestiti a livello corporate.,7
,Hotel/B&B,Gallarate,AER HOTEL MALPENSA,"Via Gallarate, 35, 28047 Oleggio NO, Italia",0321 960253,https://www.aerhotelmalpensa.it/,"AER HOTEL MALPENSA a Gallarate, hotel posizionato per viaggiatori aeroportuali. Consumo energetico medio-alto con servizi 24h.",Operatività 24h = consumi continui. Ideale per proposta energia flat.,7
,Hotel/B&B,Busto Arsizio,Tower hotel Busto Arsizio - Malpensa,"Via Magenta, 14, 21052 Busto Arsizio VA, Italia",0331 160 2600,http://www.towerhotelbustoarsizio.it/,Tower hotel Busto Arsizio - Malpensa. Hotel moderno posizionato per viaggiatori Malpensa e business. Consumi energetici medio-alti.,Hotel business = consumi prevedibili. Proporre soluzione energia con prezzo fisso.,7
,Hotel/B&B,Busto Arsizio,Albergo Ristorante Roma,"Via Roma, 86, 20025 Legnano MI, Italia",0331 546091,http://www.albergoromalegnano.it/,"Albergo Ristorante Roma a Legnano (classificato Busto Arsizio), struttura con 22 camere e ristorante, a conduzione familiare. Posizione strategica vicino stazione e autostrade. Consumi doppi per camere e cucina professionale.",Familiare = decisione rapida. Chiedere referente acquisti. Proporre pacchetto energia + gas.,7
,Hotel/B&B,Saronno,Starhotels Grand Milan,"Via Varese, 23, 21047 Saronno VA, Italia",02 963631,https://www.starhotels.com/it/i-nostri-hotel/grand-milan-saronno/,"Starhotels Grand Milan a Saronno. Hotel 4 stelle vicino stazione, ben collegato a Malpensa. Catena alberghiera nazionale con contratti energia strutturati.",Catena medio-grande. Verificare se acquisti energia sono centralizzati o locali.,7
,Hotel/B&B,Saronno,UNA Hotels Malpensa,"Via F. Turati, 84, 20023 Cerro Maggiore MI, Italia",0331 513111,https://www.unaitalianhospitality.com/it/soggiorni/una-hotels-malpensa,UNA Hotels Malpensa (classificato Saronno). Catena UNA con posizione aeroportuale. Consumo energetico elevato per operatività continua.,Catena nazionale. Verificare autonomia decisionale locale acquisti energia.,7
,Hotel/B&B,Tradate,Golf Hotel La Pinetina,"Via al Golf, 4, 22070 Appiano Gentile CO, Italia",031 930931,https://golfpinetina.it/?page_id=13623,"Golf Hotel La Pinetina a Tradate. Hotel con campo da golf, consumi energetici elevati per manutenzione aree verdi e strutture ricettive.",Golf = stagionalità e consumi irrigazione. Proporre soluzione energia + gas.,7
,Palestre,Varese,20hours Gyms - Club Como,"Via Ciceri Teresa, 23 - 22100 Como (CO)","031 2249345, 331 1305498",https://www.pentafit.it/palestre/club-como,"Icesport Varese ASD, associazione pattinaggio su ghiaccio. Palestra.",Pista di ghiaccio = consumi ENORMI per refrigerazione. Potenziale altissimo per efficienza. Cliente ideale per audit energetico industriale.,9
,Palestre,Lomazzo,Fitland - Societa' Sportiva Dilettantistica a Responsabilita' Limitata,"Via Tasso T., 8 - 20825 Barlassina (MB)","0362 585582, 0362 569049, 0362 569034",http://www.fitlandcenter.it/,"Fitland SSD a Lomazzo, centro fitness con palestra, piscina, area spa, corsi. Più di una palestra: 500+ mq, 50h/settimana corsi.","Centro fitness completo con piscina e spa = consumi ALTISSIMI. Cliente ideale per audit energetico completo. Caldaia, pompe, illuminazione, climatizzazione.",9
,Palestre,Varese,Sporting Palestra & SPA ssdrl,"Via Cesare Correnti, 2, 21100 Varese VA, Italia",0332 812910,http://www.palestresporting.it/,"Sporting Palestra & SPA ssdrl a Varese è un centro benessere completo con palestra e spa. Consumi elevati per piscina, sauna e climatizzazione.",Tel 0332 812910. Struttura con spa e piscina. Alto potenziale di consumo energetico. Proposta per centri benessere.,9
,Palestre,Varese,Acinque Ice Arena – Palestra,"Via Francesco Albani, 33, 21100 Varese VA, Italia",,https://www.acinqueicearena.com/fitness/,Acinque Ice Arena – Palestra a Varese è una pista di ghiaccio con palestra annessa. Consumi energetici altissimi per la refrigerazione della pista.,Nessun telefono. Struttura con pista di ghiaccio = consumi enormi per refrigerazione. Cercare contatto presso Acinque o Comune di Varese.,9
,Palestre,Gavirate,"WeFit SSD | Piscina, corsi nuoto e palestra | Gavirate, Varese","Campo dei Fiori, Viale Ticino, 82, 21026 Gavirate VA, Italia",0332 839511,http://www.wefit.it/,"WeFit SSD | Piscina, corsi nuoto e palestra a Gavirate è un centro sportivo completo con piscina, corsi nuoto e palestra. Consumi energetici elevati per piscina riscaldata e climatizzazione.",Tel 0332 839511. Centro con piscina = altissimi consumi. Proposta per centri sportivi con piscina.,9
,Palestre,Gavirate,Centro Commerciale Campo dei Fiori,"Viale Ticino, 82, 21026 Gavirate VA, Italia",0332 730887,https://www.campodeifiori.cc/,"Centro Commerciale Campo dei Fiori a Gavirate è un centro commerciale con negozi, food court, multisala e servizi. Consumi energetici molto elevati per illuminazione, climatizzazione e attività commerciali.","Tel 0332 730887. Centro commerciale, gestione centralizzata. Contattare facility manager.",9
,Palestre,Erba,Centro sportivo SNEF Lambrone,"Via Della Libertà, 15, 22036 Erba CO, Italia",031 333 3556,https://lambrone.snef.it/,"Centro sportivo SNEF Lambrone a Erba è un centro polisportivo con piscina coperta e scoperta, palestra, corsi acquatici e area relax. Struttura grande con piscina, consumi energetici molto elevati per riscaldamento acqua e climatizzazione.",Tel 031 333 3556. Centro con piscina = altissimi consumi. Proposta per centri sportivi con piscina. Chiedere del direttore tecnico.,9
,Palestre,Lomazzo,Aero Gravity,"Via D'Annunzio, 23 - 20016 Pero (MI)",02 45471432,http://www.aerogravity.it/,"Aero Gravity a Pero (MI), indoor skydiving - galleria del vento verticale. Consumi ENORMI per turbine.",Galleria del vento = consumi industriali elevatissimi. Cliente ideale per efficienza energetica industriale. Unico in Italia.,8
,Palestre,Erba,Sport Nuoto E Fitness Srl,"Via Della Libertà, 15, 22036 Erba CO, Italia",031 333 3556,http://www.snef.it/,"Sport Nuoto E Fitness Srl a Erba è una società che gestisce impianti per nuoto e fitness. Stesso telefono di SNEF Lambrone, probabilmente collegata.","Tel 031 333 3556. Stessa struttura di SNEF, gestione centralizzata.",8
,Palestre,Arona,FreedomClub,"Corso Cavour, 110, 28040 Dormelletto NO, Italia",0322 497710,https://www.freedomclub.it/freedomclub-ssd-a-rl/,"FreedomClub ad Arona/Dormelletto è un centro wellness e sport con palestra, spa, area estetica, corsi terra/acqua e macchinari Technogym. Struttura completa con consumi elevati per spa, piscina e climatizzazione.",Tel 0322 497710. Centro benessere completo con spa. Alto potenziale energetico. Chiedere del direttore.,8
,Palestre,Varese,Piscina Comunale Spes Sport,"Via Palestro, 5 - 21019 Somma Lombardo (VA)",0331 982232,http://www.piscinasommalombardo.it/,"Piscina Comunale Spes Sport a Somma Lombardo, piscina e palestra comunale.",Piscina comunale = consumi elevati riscaldamento acqua e ventilazione. Buon potenziale per efficienza.,7
,Palestre,Erba,Unione Sportiva Alfonso Casati,"Via XXV Aprile, 3 - 20862 Arcore (MB)","039 617210, 339 5428189",https://www.casatiarcore.it/,"Unione Sportiva Alfonso Casati ad Arcore, società polisportiva dal 1946. Atletica, calcio, ginnastica, basket, volley, parkour.",Polisportiva storica con molte discipline. Consumi diversificati e elevati. Buon potenziale per efficienza.,7
,Palestre,Varese,FitActive Varese,"Viale Belforte, 5 H, 21100 Varese VA, Italia",392 512 2720,https://www.fitactive.it/i-club/varese.php,"FitActive Varese fa parte della catena di palestre in franchising FitActive, con apertura 24/7 a 19,90€/mese. Modello low-cost ad alto volume di iscritti.",Tel 392 512 2720. Catena nazionale. Contratto energia gestito centralmente. Verificare autonomia del punto vendita.,7
,Palestre,Fino Mornasco,A Rete Sport Club. Tennis Fitness SPA,"Via del Bosco, 45, 22070 Guanzate CO, Italia",320 602 7586,http://a-rete.com/,"A Rete Sport Club. Tennis Fitness SPA a Fino Mornasco è un circolo sportivo con tennis, fitness e spa. Consumi elevati per spa e illuminazione campi.",Tel 320 602 7586. Circolo con spa e tennis. Potenziale medio-alto.,7
,Palestre,Gallarate,I D F Studio - Imperial Dance Fitness,"Via Roma, 47 - 21054 Fagnano Olona (VA)","0331 311478, 391 4049827",https://www.imperialdance.it/,"Societa sportiva con due sedi (Fagnano Olona e Gallarate). Corsi di ballo, pole dance, acrobatica aerea, pilates, yoga, zumba, HIIT.","Consumi medi per illuminazione, impianto audio, climatizzazione. Due sedi = doppio potenziale.",6
,Palestre,Gallarate,Fitness Arluno S.r.l.,"Via Enzo Ferrari, 31 - 20010 Arluno (MI)","02 39286404, 02 85685438",https://www.fitactive.it/i-club/Arluno.php,"Fitness Arluno S.r.l. / FitActive Arluno, palestra in franchising 24h. Catena nazionale low cost.","Catena low cost 24h = consumi illuminazione 24/7. Potenziale per efficienza, ma decisioni centralizzate.",6
,Palestre,Gallarate,Fitness Class Cuggiono A.S.D.,"Via Badi, 46 - 20012 Cuggiono (MI)",02 97240280,https://www.fitnessclasscuggiono.it/,"Fitness Class Cuggiono ASD a Cuggiono, palestra con sala pesi, personal trainer, nutrizionista, fisioterapia. Struttura immersa nel verde.",Palestra completa con servizi. Consumi medi. Buon potenziale per efficienza illuminazione e climatizzazione.,6
,Palestre,Luino,Fit and Go PonteTresa,"Via Zanoni, 54 - 21037 Lavena Ponte Tresa (VA)",375 9749732,https://www.centrofitnesspontetresa.com/,"Centro fitness a Ponte Tresa con allenamenti EMS, Vacufit, Powerfit e Pilates Reformer. Tecnologie avanzate.",Consumi per macchinari elettronici e climatizzazione. Attrezzature energivore.,6
,Palestre,Somma Lombardo,Polisportiva Daverio,"Via Verdi, 4 - 21020 Daverio (VA)","0332 949711, 340 0551088",,"Piscina di Gorla Minore, piscina comunale.",Piscina = consumi elevati. Buon potenziale.,6
,Palestre,Cassano Magnago,Palestra You a New Experience,"Viale Milano, 53 - 21013 Gallarate (VA)",0331 781152,https://www.newenergycassano.it/,"Centro sportivo con body building, fitness, spinning, pilates reformer, yoga. Sala pesi e corsi di gruppo.","Consumi per illuminazione, climatizzazione e macchinari. Verificare dimensioni.",6
,Palestre,Cassano Magnago,Fit Point S.a.s. di Raimondi Roberto & C.,"Via Verga Giovanni, 16 - 20027 Rescaldina (MI)",0331 465767,https://www.fitpointrescaldina.it/,"Piscina di Solbiate Olona, piscina comunale.",Piscina = consumi elevati. Buon potenziale.,6
,Palestre,Cassano Magnago,New Gym Sporting Club,"Via Principessa Mafalda, 15 - 20024 Garbagnate Milanese (MI)","347 9618996, 335 1483504",https://www.newenergycassano.it/,"Centro sportivo con body building, fitness, spinning, pilates reformer, yoga. Sala pesi e corsi di gruppo.","Consumi per illuminazione, climatizzazione e macchinari.",6
,Palestre,Erba,Bentivoglio Maria Francesca,"Via Parini Giuseppe, 26 - 23900 Lecco (LC)",335 8233952,,"Tennis e Sport di Giussani e Buraschi a Erba, centro tennis e sport.",Centro tennis con illuminazione campi = consumi. Buon potenziale.,6
,Palestre,Erba,Olympus Avant S.S. Dilettantistica a Responsabilita' Limitata,Via della Industria - 22070 Cassina Rizzardi (CO),"347 6105700, 351 6902080, 031 921454",http://www.olympusavant.it/,"Piscina Comunale di Erba, piscina comunale.",Piscina = consumi elevati. Buon potenziale.,6
,Palestre,Erba,Total Workout 3 S.a.s. di dell'Orto Giovanni & C.,"Via Cuzzi Giuseppe, 2 - 23873 Missaglia (LC)",039 9241152,http://fitnesstotalworkout.it/,"Total Workout 3 S.a.s. a Missaglia, palestra fitness center dal 2014. Macchinari Technogym, Matrix. Personal trainer.",Palestra ben attrezzata. Consumi medi per illuminazione e climatizzazione. Buon potenziale.,6
,Palestre,Varese,For ME Fitness Club,"Via Cortina d'Ampezzo, 3, 21100 Varese VA, Italia",0332 169 1256,http://www.formefitness.it/,"For ME Fitness Club a Varese è un centro fitness con approccio personalizzato, servizi su misura e atmosfera esclusiva.",Tel 0332 169 1256. Palestra premium. Proposta per centri fitness con climatizzazione e attrezzature.,6
,Palestre,Varese,Palestra Skorpions,"Viale Padre GianBattista Aguggiari, 77, 21100 Varese VA, Italia",0332 235298,https://www.palestraskorpions.com/,"Palestra storica a Varese (dal 1980). 400mq sala pesi attrezzata Rogue. Corsi di MMA, BJJ, Thai Boxe, powerlifting.",Grande palestra con consumi significativi. Alternativa a low-cost.,6
,Palestre,Gallarate,FitActive Gallarate,"Viale Milano, 99, 21013 Gallarate VA, Italia",393 139 3531,https://www.fitactive.it/i-club/FitActive%20Gallarate.php,"FitActive Gallarate fa parte della catena di palestre in franchising FitActive, modello low-cost 24/7.",Tel 393 139 3531. Catena nazionale.,6
,Palestre,Gallarate,Millennium Wellness Gallarate,"Via Madonna in Campagna, 10, 21013 Gallarate VA, Italia",0331 782040,https://www.millenniumgallarate.it/,"Millennium Wellness Gallarate è un centro benessere completo con palestra, corsi e area relax.",Tel 0331 782040.,6
,Palestre,Gallarate,Gym's - Spirito Sportivo S.S.D. a r.l.,"Viale Lombardia, 49, 21013 Gallarate VA, Italia",0331 774513,http://www.gyms.it/,"Gym's - Spirito Sportivo S.S.D. a r.l. a Gallarate è una palestra strutturata come società sportiva, con ampia offerta di corsi e attrezzature.",Tel 0331 774513. SSD = società sportiva. Potenziale specificità fiscale.,6
,Officine/Artigiani,Varese,Officine Meccaniche Zema S.r.l.,"Via Antonio Gramsci, 100/A - 21020 Casale Litta (VA)",030 7242788,http://www.omzema.it/,"Officine Meccaniche Zema S.r.l., produzione pale per turbina. Settore energia. 27 macchine CNC 6 assi. Circa 100 dipendenti. Dal 1977.","OFFICINA INDUSTRIALE DI GRANDI DIMENSIONI. Consumi enormi per macchinari CNC. Cliente TOP per efficienza industriale. 100 dipendenti, macchinari di precisione.",9
,Officine/Artigiani,Malnate,Sage S.r.l.,"Via Cesariano, 27 - 21056 Induno Olona (VA)","0332 201069, 335 1780981, 335 7548192",http://www.sageslitters.com/,Azienda specializzata in macchine taglierine e ribobinatrici industriali. Uso intensivo di macchinari CNC e motorizzazioni. Know-how per impianti chiavi in mano.,Target eccellente: produzione industriale con alti consumi. Audit su motori elettrici e rifasamento.,9
,Officine/Artigiani,Erba,Officine Meccaniche Carlo dell'Oro S.n.c. di dell'Oro M. P.& C.,"Via Chiari, 93 - 23868 Valmadrera (LC)",030 7242788,http://www.compressoridelloro.com/,"Officina meccanica specializzata in vendita, installazione e manutenzione di compressori e impianti di aria compressa dal 1953. Opera con marchi CompAir e Balma/ABAC. Offre anche essiccatori, filtraggio e serbatoi di accumulo.",Azienda ad alta intensità energetica con compressori industriali. Proporre audit energetico su consumi aria compressa e ottimizzazione impianti.,9
,Officine/Artigiani,Mariano Comense,Cmo Societa' per Azioni,"Via dei Mille, 1 - 20811 Cesano Maderno (MB)",0362 645901,https://cmogroup.it/,"CMO Group è una realtà manifatturiera con tecnologie di fresatura, tornitura, stampaggio a caldo, punzonatura, saldatura e taglio laser. Opera nei settori automotive, mobility, aerospaziale.",Azienda metalmeccanica medio-grande con processi energivori. Elevato potenziale per audit completo e efficiency package.,9
,Officine/Artigiani,Mariano Comense,Fila S.r.l.,"Via Montello, 43 - 20831 Seregno (MB)","0362 330395, 0362 241744, 0362 325212",http://www.filasrl.it/,"FILA Srl è un partner integrato per fusione, lavorazione CNC, finitura, ispezione e logistica. 5600 m², 44 dipendenti, 39 macchine CNC, ISO 9001 e IATF 16949.",Realtà produttiva medio-grande. Altissimo potenziale per audit energetico completo su tutti gli impianti.,9
,Officine/Artigiani,Mariano Comense,Metalfirma S.r.l.,"Via S. Carlo, 23 - 20847 Albiate (MB)",0362 932775,http://www.metalfirma.it/,"Metalfirma Srl specializzata in costruzione stampi trancia, imbutiture profonde fino a 800 tonnellate, stampaggi, saldature robotizzate e taglio laser.",Officina con presse pesanti (800t) e robot. Altissimo consumo energetico. Target prioritario.,9
,Officine/Artigiani,Lomazzo,La Finitura S.r.l.,"Via Isonzo, 17/B - 22078 Turate (CO)",02 9659394,https://lafiniturasrl.it/,"Azienda di finitura superficiale metalli con macchinari vibrolucidatura, sabbiatura e lucidatura. Opera nei settori energia, oil&gas, automotive. Certificata UNI EN ISO 9001.",Cliente industriale strategico. Citare settori energia e oil&gas come affinita. Consumi elevati.,9
,Officine/Artigiani,Gallarate,Officine Meccaniche Gallaratesi S.p.A.,"Via Cinque Giornate, 5, 21013 Gallarate VA, Italia",0331 750011,https://www.omgpumps.com/,Officine Meccaniche Gallaratesi S.p.A. a Gallarate è una grande azienda industriale strutturata come SpA. Consumi energetici elevati per produzione industriale.,"Tel 0331 750011. SpA, grande azienda. Contratto energia probabilmente gestito centralmente ma con volumi importanti. Proposta per industria.",9
,Officine/Artigiani,Luino,Rettificatrici Ghiringhelli S.P.A.,"Via Asmara, 19, 21016 Luino VA, Italia",0332 543411,http://www.ghiringhelli.it/,Rettificatrici Ghiringhelli S.P.A. a Luino è un'azienda industriale di livello internazionale specializzata in rettificatrici. SpA con consumi energetici industriali elevati.,Tel 0332 543411. SpA industriale di rilevanza. Consumi elevati per produzione macchinari. Proposta per industria pesante.,9
,Officine/Artigiani,Erba,Omeba Srl Officina Meccanica Di Precisione,"Via Roma, 65, 23834 Premana LC, Italia",0341 890779,http://www.omeba.it/,"Officina meccanica di precisione con 18 dipendenti, due stabilimenti, macchine a 5 assi e robot. Lavorazioni CNC automatiche non presidiate.",Produzione automatizzata H24. Consumi continui. Audit su efficienza macchinari.,9
,Officine/Artigiani,Varese,Simplas S.p.a.,"Via Giusti, 34 - 21050 Bisuschio (VA)","0332 470591, 0332 473447, 0332 484125",http://www.simplas.it/,"Simplas S.p.a., produzione teste per estrusione plastica. Leadership mondiale. Oltre 4000 teste vendute. Certificazione ISO 9001.",AZIENDA LEADER MONDIALE. Consumi industriali significativi. Cliente premium per efficienza. 50+ anni sul mercato.,8
,Officine/Artigiani,Varese,Tecnostampi Srl,"Via Manzoni Alessandro, 11 - 21040 Gornate Olona (VA)","0331 820002, 0331 855767, 0331 855768",https://tecnostampisrl.it/,"Tecnostampi Srl a Varese, progettazione e realizzazione stampi in acciaio per automotive. Dal 1967. Clienti: Audi, BMW, Mercedes, Stellantis, Ford.","Officina meccanica di precisione con 60 anni di storia. Macchinari CNC, foratrici, fresatrici, presse 4500 ton. Consumi INDUSTRIALI elevati. Cliente ideale per audit efficienza industriale.",8
,Officine/Artigiani,Somma Lombardo,B.L.G. S.R.L.,"Via Roma, 41 - 21029 Vergiate (VA)",0331 946384,https://www.blgunipersonale.it/,"B.L.G. S.r.l. Unipersonale, lavorazioni meccaniche precisione da 30+ anni. Aerospace, automotive, moto. Certificazioni ISO 9001 e EN 9100. Taglio laser, waterjet, stampaggio.",Officina MULTI-TECNOLOGIA con certificazioni aerospaziali. Consumi industriali elevati. Cliente premium.,8
,Officine/Artigiani,Somma Lombardo,Costruzioni Meccaniche O.M.F. S.r.l.,"Via Gandhi, 12 - 21017 Samarate (VA)",0331 234600,http://www.omf-snc.it/,"Costruzioni Meccaniche O.M.F. S.r.l., lavorazioni meccaniche dal 1973. Tornitura, fresatura, foratura profonda, rettifica, saldatura. 20 dipendenti. 4000 mq.",OFFICINA INDUSTRIALE con 20 dipendenti e 4000 mq. Consumi elevati. Cliente ideale per audit energetico industriale.,8
,Officine/Artigiani,Erba,Stilmec S.r.l.,"Via Don Giacinto dell'Acqua, 4 - 23890 Barzago (LC)",031 860161,http://www.stilmec.it/,"Stilmec S.r.l. a Barzago, carpenteria medio/pesante dal 1972. Fresatura e alesatura fino a 12mt. Macchinari a CNC con tavole girevoli.",OFFICINA DI GRANDI DIMENSIONI con macchinari per pezzi fino a 12m. Consumi industriali elevati. Cliente TOP.,8
,Officine/Artigiani,Erba,Torneria Automatica F.lli Mauri S.r.l.,"Via Porta C., 2 - 23861 Cesana Brianza (LC)",031 683161,http://www.torneriafratellimauri.it/,"Torneria Automatica F.lli Mauri S.r.l. a Cesana Brianza, torneria automatica di precisione dal 1960. 30 torni, 12 dipendenti, 2300 mq. Produzione medio/grandi lotti.",OFFICINA CON 30 MACCHINARI e 2300mq. Consumi industriali elevati. Cliente ideale per audit.,8
,Officine/Artigiani,Erba,Officina Meccanica 2 B di Ballanti & Redaelli Snc,"Via Milano, 3 - 22060 Arosio (CO)","031 7600885, 031 761837",http://www.officinameccanica2b.it/,"Officina metalmeccanica specializzata in carpenteria medio-leggera per autocaravan e campeggio. Macchinari CNC, saldatura robotizzata, lavorazione acciaio e alluminio.",Alto consumo industriale. Audit su efficienza macchinari CNC e saldatura.,8
,Officine/Artigiani,Erba,O.M.C. Officina Meccanica Costamasnaga di Panzeri Bruno & C. S. N.C.,"Via Leonardo da Vinci, 18 - 23845 Costa Masnaga (LC)",031 855360,https://www.omcsnc.eu/,Officina meccanica specializzata in tornitura e fresatura. Macchinari CNC di ultima generazione. Lavorazioni conto terzi medio-pesanti.,Produzione industriale con macchinari ad alto consumo. Audit su motori e rifasamento.,8
,Officine/Artigiani,Mariano Comense,Sati Stampi,"Via Foscolo Ugo, 48 - 20833 Giussano (MB)","0362 574451, 0362 248867, 0362 863731",https://www.satiitalia.com/,"SATI Italia, azienda specializzata nella progettazione e realizzazione di stampi. Collabora con il cliente dalla fase progettuale alla realizzazione.",Metalmeccanica con macchinari CNC e presse ad alto consumo. Audit su efficienza macchinari e recupero calore.,8
,Officine/Artigiani,Mariano Comense,Algala S.r.l.,"Via della Misericordia, 58 - 20853 Biassono (MB)","039 490760, 039 2496452, 039 8942892",https://www.algala.it/,"Algala S.r.l. è specializzata in deformazione e lavorazione a freddo della lamiera, stampi progressivi per automotive, elettromeccanica ed elettronica.",Metalmeccanica con presse e macchinari pesanti. Alto potenziale risparmio su aria compressa e illuminazione industriale.,8
,Officine/Artigiani,Mariano Comense,Due Gi S.r.l.,"Via Beato Michele Carcano, 2 - 22070 Bregnano (CO)",031 770754,http://www.duegisrl.it/,"Due Gi S.r.l. opera nella gestione dell'aria compressa: vendita, assistenza e noleggio di compressori. Competenza diretta nel settore.",Opera nel settore aria compressa. Potenziale cliente ma anche possibile competitor o partner tecnico.,8
,Officine/Artigiani,Mariano Comense,I.M.A. Industria Meccanica di Arosio Societa' per Azioni,"Via Maddalena, 65/67 - 22060 Arosio (CO)","031 760611, 031 761531",https://www.ima-arosio.it/,I.M.A. Industria Meccanica Arosio lavora i metalli da oltre 50 anni per i settori automotive e non automotive.,Lavorazione metalli con oltre 50 anni di esperienza. Processi industriali energivori.,8
,Officine/Artigiani,Mariano Comense,Meccanica P&B S.r.l.,"Via Marisa Bellisario, 8/G - 20825 Barlassina (MB)","0362 564499, 0362 567991",http://www.meccanicapeb.it/,"Meccanica P&B progetta, produce e manutiene stampi per materie plastiche. Offre servizio completo: progettazione, produzione, stampaggio e imballaggio.",Stampaggio materie plastiche con presse ad alto consumo. Processo energivoro. Proporre audit.,8
,Officine/Artigiani,Mariano Comense,O.M.F. S.r.l. Societa' con Unico Socio,"Via Garibaldi, 143 - 20832 Desio (MB)","0362 1793942, 0362 1793943, 0362 300341",http://www.omf.it/,OMF è un fornitore globale di componenti meccanici di precisione per automotive con oltre 45 anni di esperienza.,Componentistica automotive. Produzione industriale con oltre 45 anni. Consumi significativi.,8
,Officine/Artigiani,Lomazzo,Carminati S.r.l.,"Via Grigna, 6 - 20027 Rescaldina (MI)","0331 464797, 0331 316075",http://www.carminatigroup.it/,"Carminati Group offre ingegneria di alto livello, lavorazioni meccaniche di precisione, controlli dimensionali e montaggi per multinazionali.",Gruppo metalmeccanico per multinazionali. Stabilimento produttivo con molteplici macchinari. Audit completo proponibile.,8
,Officine/Artigiani,Lomazzo,Fastosi - S.r.l.,"Via Fagnanella, 13 - 21040 Gerenzano (VA)","02 96480288, 02 9688045, 02 97249344",http://www.fastosi.it/,Fastosi è leader da 60 anni in carpenteria meccanica e impianti di estrusione per industria manifatturiera.,Carpenteria meccanica + estrusione (processo ad alto consumo). Buon target.,8
,Officine/Artigiani,Lomazzo,La.Re.Co. S.r.l.,"Via Milanese, 17 - 22070 Veniano (CO)","031 934304, 031 970808",http://www.lareco.biz/,"LA.RE.CO. srl è leader nella rettifica industriale, elettroerosione a filo e lappatura di particolari meccanici in provincia di Como.",Rettifica ed elettroerosione = processi ad alto consumo energetico. Target medio-alto.,8
,Officine/Artigiani,Arona,F.T.B. S.R.L.,"Via Tensa, 4 - 28010 Bogogno (NO)","0322 809821, 0322 809822",http://www.ftb.it/,"F.T.B. costruisce e manutiene presse a vite, bilancieri e macchine per forgiatura da oltre 40 anni.",Costruzione presse industriali pesanti. Cliente ad alto potenziale.,8
,Officine/Artigiani,Varese,Officina Meccanica da Pos Giglio,"Via S. Bartolomeo, 35, 21040 Carnago VA, Italia",0331 985504,https://www.tornituraefresatura-varese.com/,"Officina meccanica a Carnago (VA) da 60 anni. Tornitura, fresatura, foratura CNC conto terzi. Particolari in ferro e acciaio.",Macchinari CNC ad alto consumo. Target medio-alto per audit industriale.,8
,Officine/Artigiani,Varese,Officina Meccanica F.lli Mirtini,"Via Collodri, 8, 21020 Brunello VA, Italia",0332 463378,https://www.fratellimirtini.com/,"Officina meccanica a Brunello (VA) da 30+ anni. Centri di lavoro CNC, tornitura e fresatura di precisione. Componentistica per macchine industriali.",Produzione industriale CNC. Consumi continui. Audit su efficienza macchinari.,8
,Lavanderie,Verbania,Lavanderia Milanese Verbania,"Via Acquedotto, 25, 28923 Verbania VB, Italia",0323 571689,https://www.lavanderiamilanese.com/,"Lavanderia industriale con 3500mq di capannoni, 300 quintali/giorno. Noleggio biancheria per alberghi, ristoranti e sanitario. Quasi 50 anni di attivita.","Target TOP: lavanderia industriale ad altissimo consumo termico. Audit su caldaie, recupero calore.",10
,Lavanderie,Saronno,Hospital Service S.r.l.,"Via Spluga, 3 - 20010 Canegrate (MI)",0331 808089,http://www.hospitalservicesrl.it/,"Hospital Service gestisce servizi di lavanderia e sterilizzazione per sanità, industria e alberghiero.",Lavanderia industriale + sterilizzazione = processo ad altissimo consumo energetico. Target prioritario.,9
,Lavanderie,Saronno,Si.Ga.Ff. S.r.l.,"Via Teramo, 20 - 20142 Milano (MI)",02 816216,http://www.sigaff.it/,"SI.GA.FF. Lavanderia Industriale serve hotel, ristoranti e B&B a Milano da oltre 60 anni.",Lavanderia industriale professionale. Altissimo consumo energetico. Target prioritario.,9
,Lavanderie,Varese,Ve.Ma. Lavanderia Industriale Cocquio-Trevisago,"Via Dante, 41, 21034 Cocquio-Trevisago VA, Italia",0332 975192,https://www.lavanderiavema.com/,"Lavanderia industriale con 1300mq di laboratorio, apparecchiature di ultima generazione. Lavaggio a secco ecologico e ad acqua. Dal 1993.",Alto potenziale: lavanderia con macchinari energeticamente intensivi. Audit su recupero calore.,9
,Lavanderie,Varese,Lavanderia Lombarda Industriale Service Spa,"Via Guglielmo Oberdan, 61, 20823 Lentate sul Seveso MB, Italia",0362 5370,https://www.lavanderialombarda.it/,"Lavanderia Lombarda Industriale Service Spa a Varese è una lavanderia industriale su larga scala (SpA). Consumi energetici altissimi per lavaggio industriale, asciugatura e stiratura.",Tel 0362 5370. Lavanderia industriale SpA. Altissimo potenziale di consumo. Proposta per industria.,9
,Lavanderie,Varese,Lavanderia Industriale Padana Spa,"Via Veneto, 16, 24050 Bariano BG, Italia",0363 957522,http://www.lavanderiapadana.it/,Lavanderia Industriale Padana Spa a Varese è una lavanderia industriale di grandi dimensioni (SpA). Consumi energetici altissimi per produzione industriale.,Tel 0363 957522. Lavanderia industriale SpA. Altissimo potenziale.,9
,Lavanderie,Como,New Cleaning Group Srl,"V. dell'Artigianato, 9, 22042 Cavallasca CO, Italia",031 536010,http://www.newcleaninggroup.it/,"Lavanderia industriale moderna che serve divisione alberghiera e sanitaria con servizi di noleggio biancheria. Utilizza macchinari tecnologicamente avanzati e ha logistica strutturata. Consumo energetico significativo per lavaggio, sanificazione e stiratura.",Contattare per proposta energia industriale. Hanno macchinari UV e logistica - potenziale cliente B2B energy. Chiedere consumo annuo stimato.,9
,Lavanderie,Varese,L.A.I.B. Snc Lavanderia,"Via Manzoni Alessandro, 25 - 22070 Beregazzo (CO)",031 988295,https://www.lavanderiaindustrialelaib.it/,"Lavanderia industriale a Beregazzo (CO) dal 1993. Specializzata in tessuti per alberghi, ristoranti e comunita. Moderni macchinari di lavaggio.",Target alto consumo: lavanderia industriale HORECA. Audit su efficienza macchinari.,8
,Lavanderie,Varese,Tintoria P.A. Jacchetti,"Via del Dos, 15 - 22100 Como (CO)","031 507889, 031 525288, 031 481609",http://www.tintoriajacchetti.it/,Tintoria Jacchetti - nobilitazione tessile con tecnologie industriali evolute. Minimo impatto ambientale dichiarato.,"Tintoria industriale = processo ad alto consumo energetico (acqua calda, vapore). Target medio-alto.",8
,Lavanderie,Saronno,New Giglio S.a.s. di Racioppi Giacomo & C.,"Via Conte Paolo Taverna, 28 - 20844 Triuggio (MB)",0362 997602,https://www.newgiglio.it/,New Giglio è una lavanderia industriale con noleggio biancheria per ristorazione e alberghiero.,"Lavanderia industriale. Alti consumi di acqua calda, vapore e gas. Target medio-alto.",8
,Lavanderie,Erba,Quanto costa il lavaggio piumone professionale? Perché farlo?,"Via Milano, 31/33 - 22066 Mariano Comense (CO)",02 3962 6435,https://www.acquaesapone.eu/,"Lavanderia/tintoria a Milano con servizi di lavaggio professionale, stiratura e ritiro a domicilio. Servizi anche per hotel e B&B.",Target alto consumo. Proporre audit per lavaggio industriale e ottimizzazione consumi.,8
,Lavanderie,Varese,LAIB LAVANDERIA INDUSTRIALE,"Via Alessandro Manzoni, 25, 22070 Beregazzo CO, Italia",031 988295,https://www.lavanderiaindustrialelaib.it/,"Lavanderia industriale a Beregazzo (CO) dal 1993. Specializzata in tessuti per alberghi, ristoranti e comunita.",Target alto consumo. Audit su efficienza macchinari.,8
,Lavanderie,Tradate,"Lavanderia Lucato - Lavanderia Industriale, Noleggio Biancheria e Tovagliato.","Via Resegone, 13, 22070 Locate Varesino CO, Italia",0331 823030,http://lavlucato.it/,"Lavanderia Lucato - Lavanderia Industriale, Noleggio Biancheria e Tovagliato a Tradate è una lavanderia industriale con servizio di noleggio biancheria. Consumi industriali molto elevati per lavaggio e stiratura.",Tel 0331 823030. Lavanderia industriale con noleggio. Altissimo potenziale consumo.,8
,Lavanderie,Como,"Lavanderia Pulilampo ""The Laundry Boutique""","Via XX Settembre, 26, 22100 Como CO, Italia",335 608 2483,https://lavaseccopulilampo.com/,Lavanderia storica a Como con servizi per privati e alberghi. Utilizza macchinari industriali per lavaggio e tintoria con alto consumo energetico. Attività consolidata con attenzione alla customer satisfaction e all'innovazione tecnologica.,Chiedere referente per fatture energetiche e tipologia macchinari. Valutare contratto fornitura energia per lavanderia industriale.,8
,Lavanderie,Cantu,Lavajet | Lavanderia Industriale,"Via del Laghetto, 5, 22060 Novedrate CO, Italia",345 244 7373,http://www.lavajet.it/,"Lavanderia industriale con 25+ anni di esperienza che serve hotel, ristoranti e SPA. Offre noleggio biancheria, lavaggio, sanificazione e stiratura professionale. Utilizza macchinari eco-sostenibili e ha logistica organizzata.",Cliente industriale ideale per energy management. Hanno 1520 clienti soddisfatti - parlare di efficienza energetica e risparmio.,8
,Lavanderie,Cantu,Onedayclean Lavanderia ad Acqua e a Secco,"Corso Europa, 23, 22063 Cantù CO, Italia",338 461 2602,https://www.onedayclean.net/,"Lavanderia con piu sedi (Erba, Canto, Civate, Casatenovo). Servizio rapido 24h. App e tecnologia per tracciamento capi.",Multi-sede: potenziale per contratto quadro su piu punti vendita.,8
,Lavanderie,Cantu,Lavanderia Lavariva Sas,"Via Milano, 31/33, 22066 Mariano Comense CO, Italia",031 447 7400,http://www.lavariva.it/,"Lavanderia con oltre 50 anni di attività in oltre 1000 mq, servizio altamente tecnologico e personalizzato. Offre servizi di lavaggio e tintoria con macchinari moderni. Consumo energetico elevato per volume operativo.",Grande superficie e lunga storia. Chiedere consumo energia attuale e contratto in essere. Proporre audit energetico gratuito.,8
,Lavanderie,Erba,Alma S.r.l.,"Via Solferino, 35 - 20841 Carate Brianza (MB)",346 5178028,http://www.almagiussano.it/,Alma Srl è specializzata in vibrofinitura e cataforesi (trattamenti superficiali industriali). 50 anni di esperienza.,Trattamenti superficiali industriali. Cataforesi = processo ad alto consumo. Buon target.,7
,Lavanderie,Saronno,ELLAS MULTISERVIZI SRL dal 1993 Facility management - Impresa di pulizie,"Via Prealpi, 22, 21047 Saronno VA, Italia",339 766 8846,https://www.ellasmultiservizi.it/,ELLAS MULTISERVIZI SRL dal 1993 Facility management - Impresa di pulizie a Saronno è un'impresa di pulizie e facility management. Consumi per attrezzature pulizia e sede.,"Tel 339 766 8846. Facility management, potenziale per contratti globali energia.",7
,Lavanderie,Cassano Magnago,LAVASECCO ECOLOGICO,"Via S. Giulio, 156, 21012 Cassano Magnago VA, Italia",389 640 6389,https://eco-wash-buddy.lovable.app/,LAVASECCO ECOLOGICO a Cassano Magnago è una lavanderia ecologica che utilizza metodi a basso impatto.,"Tel 389 640 6389. Lavanderia ecologica, forte sensibilità ambientale. Energia green come leva principale.",7
,Lavanderie,Fino Mornasco,Tintoria Iltep Srl,"Via Valle Mulini, 21, 22073 Fino Mornasco CO, Italia",031 655663,http://www.iltep.it/,Tintoria industriale a Fino Mornasco (Iltep Srl). Azienda strutturata con processi di tintura ad alto consumo energetico. Potenziale cliente industriale.,Contattare per audit energetico. Consumo termico ed elettrico presumibilmente alto.,7
,Lavanderie,Arona,Lavanderia Kristall,"Via Dormelletto, 3, 28041 Arona NO, Italia",379 199 1156,https://www.lavanderiakristall.com/,"Lavanderia a secco ad Arona con sistema WA Cleaner. Specializzata in capi pregiati, abiti da sposa e pellicce.",Lavanderia con macchinari specifici. Consumo medio-alto per lavaggio a secco.,7
,Lavanderie,Saronno,Clearkit S.r.l.,"Via Don Giovanni Bosco, 8 - 20811 Cesano Maderno (MB)",0362 585100,https://www.clearkit.it/,Clearkit realizza kit di posate in acciaio lavate e sanificate per ristorazione. Noleggio posate.,Lavaggio industriale posate. Consumi acqua calda/energia. Target medio.,6
,Lavanderie,Varese,OK Superlavasecco,"Viale Milano, 24, 21100 Varese VA, Italia",392 830 1617,https://www.oksuperlavasecco.it/,OK Superlavasecco a Varese è una lavanderia a secco professionale. Consumi per macchinari lavasecco e stiratura.,"Tel 392 830 1617. Lavanderia a secco, consumi medio-alti.",6
,Lavanderie,Gallarate,Stireria ILMI,"Via Acquedotto, 85, 21017 Samarate VA, Italia",0331 720377,http://www.stireriailmi.it/,Stireria ILMI a Gallarate è una stireria professionale. Consumi per ferri da stiro industriali e generatori vapore.,"Tel 0331 720377. Stireria professionale, consumi medio-alti.",6
,Lavanderie,Busto Arsizio,Lavanderia Self Service House of Laundry Speed Queen,"Via Gaeta, 1, 21052 Busto Arsizio VA, Italia",02 8286 0482,https://houseoflaundry.it/busto-arsizio/,Lavanderia Self Service House of Laundry Speed Queen a Busto Arsizio è una lavanderia self-service con macchine Speed Queen.,"Tel 02 8286 0482. Marchio Speed Queen, qualità professionale.",6
,Lavanderie,Saronno,TINTORIA Solaro,"Via G. Mazzini, 49, 20033 Solaro MI, Italia",340 346 3248,http://www.tintoriaitaliana.it/,TINTORIA Solaro a Saronno è una tintoria professionale. Consumi per macchinari specifici.,"Tel 340 346 3248. Tintoria, consumi specifici.",6
,Lavanderie,Cassano Magnago,Lavanderia Green Emerald,"Via G. Garibaldi, 93, 21012 Cassano Magnago VA, Italia",339 461 0080,https://www.tintolav.com/it/hygienfresh-point/visita-la-mappa/hfpoint/66-lavanderiagreenemerald.html,Lavanderia Green Emerald a Cassano Magnago è una lavanderia con nome che richiama il verde/sostenibilità.,"Tel 339 461 0080. Nome green, sensibilità ambientale. Energia rinnovabile come leva.",6
,Lavanderie,Mariano Comense,LavaJet 2,"Via Piave, 28, 22066 Mariano Comense CO, Italia",031 224 6665,https://lavajet2.it/,"Lavanderia a Mariano Comense, probabilmente parte del gruppo Lavajet. Servizi di lavaggio industriale per clienti business. Consumo energetico medio-alto.",Chiedere se sono collegati a Lavajet Milano. Potenziale cliente energy industriale.,6
,Lavanderie,Olgiate Comasco,Tintoria Aurelia,"Via S. Gerardo, 94, 22077 Olgiate Comasco CO, Italia",031 945139,https://m.facebook.com/Lavanderia-Tintoria-Aurelia-102190664786002/?ref=bookmarks,Tintoria a Olgiate Comasco con servizi di tintura e lavaggio. Attività specializzata che richiede macchinari specifici ad alta intensità energetica.,Tintorie hanno consumi termici elevati. Proporre soluzione energia gas/elettricità.,6
